name,brand,brand_padre,descrizione,categoria,image_url
00132 | Asta Carbon Block professional,rollfit,boldrini,Impugnature e pertiche con esclusivo sistema di bloccaggio,accessori-per-rulli-e-mini-rulli,/images/boldrini_prodotti/00132AstaCarbonBlockprofessional.webp
00500 | Vasca professionale per pitture 16L | Wide System,rollfit,boldrini,"Per rulli fino a 50cm.
Con ruote.",accessori-per-rulli-e-mini-rulli,/images/boldrini_prodotti/00500Vascaprofessionaleperpitture16LWideSystem.webp
79341 | Manico estensibile per rulli da 30 a 50 cm,rollfit,boldrini,manico estensibile boldrini,accessori-per-rulli-e-mini-rulli,/images/boldrini_prodotti/79341Manicoestensibileperrullida30a50cm.webp
"892 | Manico zincato, impugnatura bimateriale per rulli",rollfit,boldrini,"Bimateriale: plastica e gomma.
Adatto alla pertica Carbon Block.",accessori-per-rulli-e-mini-rulli,/images/boldrini_prodotti/892Manicozincatoimpugnaturabimaterialeperrulli.webp
9002 | Sistema lava rulli Hurricane,rollfit,boldrini,"Macchina lava rulli economica e facile da utilizzare, consente la pulizia agevole di qualsiasi rullo inserito al suo interno, senza bisogno di rimuovere il manico.",accessori-per-rulli-e-mini-rulli,/images/boldrini_prodotti/9002SistemalavarulliHurricane.webp
Rete scolarullo in metallo,rollfit,boldrini,Rete scolarullo in metallo.,accessori-per-rulli-e-mini-rulli,/images/boldrini_prodotti/Retescolarulloinmetallo.webp
Vaschetta in plastica,rollfit,boldrini,Vaschetta in moplen,accessori-per-rulli-e-mini-rulli,/images/boldrini_prodotti/Vaschettainplastica.webp
Secchio in plastica,rollfit,boldrini,Secchio in moplen,accessori-per-rulli-e-mini-rulli,/images/boldrini_prodotti/Secchioinplastica.webp
Porta pennello in lega,rollfit,boldrini,Porta pennello in lega leggera,accessori-per-rulli-e-mini-rulli,/images/boldrini_prodotti/Portapennelloinlega.webp
Porta pennello genux,rollfit,boldrini,Porta pennello genux in plastica,accessori-per-rulli-e-mini-rulli,/images/boldrini_prodotti/Portapennellogenux.webp
Porta pennello in metallo,rollfit,boldrini,Porta pennello in metallo,accessori-per-rulli-e-mini-rulli,/images/boldrini_prodotti/Portapennelloinmetallo.webp
Porta pennello in plastica,rollfit,boldrini,"Snodo filettato in plastica a vite, per pennelli",accessori-per-rulli-e-mini-rulli,/images/boldrini_prodotti/Portapennelloinplastica.webp
744 – LOTO MK3 AVANGUARDIA 21mm,avanguardia,boldrini,"Rullo di ricambio di qualità superiore, destinato all’uso professionale. Realizzato con fibre moderne e altamente professionali.
Superfici consigliate:
Superfici ruvide e poco ruvide, facciate e pareti interne intonacate.
Per applicare:
Quarzi, lavabili, silicati, idropitture in genere.",avanguardia,/images/boldrini_prodotti/744LOTOMK3AVANGUARDIA21mm.webp
783 – LOTO 2020 AVANGUARDIA 19mm,avanguardia,boldrini,"Rullo di ricambio di qualità superiore, destinato all’usoprofessionale. Realizzato con fibre moderne e altamente professionali.
Superfici consigliate:
Superfici ruvide e poco ruvide, facciate e pareti interne intonacate.
Per applicare:
Quarzi, lavabili, silicati, idropitture in genere.",avanguardia,/images/boldrini_prodotti/783LOTO2020AVANGUARDIA19mm.webp
784 – LOTO 2020 AVANGUARDIA 12mm,avanguardia,boldrini,"Rulli e rullini di qualità superiore, destinati all’uso professionale. Realizzati con fibre moderne e altamente performanti.
Superfici consigliate:
Superfici lisce e poco ruvide, pareti interne verniciate in precedenza.
Per applicare:
Lavabili, traspiranti, tempere, idropitture in genere.",avanguardia,/images/boldrini_prodotti/784LOTO2020AVANGUARDIA12mm.webp
743 – LOTO MK3 AVANGUARDIA 13mm,avanguardia,boldrini,"Rulli di qualità superiore, destinati all’uso professionale. Realizzati con fibre moderne e altamente performanti.
Superfici consigliate:
Superfici lisce e poco ruvide, pareti interne verniciate.
Per applicare:
Lavabili, traspiranti, tempere, idropitture in genere.",avanguardia,/images/boldrini_prodotti/743LOTOMK3AVANGUARDIA13mm.webp
785 – SILEN-X AVANGUARDIA 14 mm,avanguardia,boldrini,"Rulli e rullini di qualità superiore, destinati all’uso professionale. Realizzati con fibre moderne e altamente performanti.
Superfici consigliate:
Superfici lisce e molto lisce, pareti in gesso e cartongesso.
Per applicare:
Lavabili, super lavabili, smalti all’acqua e resine a spessore.",avanguardia,/images/boldrini_prodotti/785SILEN-XAVANGUARDIA14mm.webp
780 – MICRO – TECH AVANGUARDIA 4 mm,avanguardia,boldrini,"Rulli e rullini di qualità superiore, destinati all’uso professionale. Realizzati con fibre moderne e altamente performanti.
Superfici consigliate:
Superfici lisce e molto lisce, pavimentazioni industriali, parquet ecc…
Per applicare:
Smalti e vernici di nuova tecnologia (acqua/solvente), resine e finiture trasparenti.",avanguardia,/images/boldrini_prodotti/780MICROTECHAVANGUARDIA4mm.webp
781 – MINI RULLO ME-TEX AVANGUARDIA 8 mm,avanguardia,boldrini,"Rulli e rullini di qualità superiore, destinati all’uso professionale. Realizzati con fibre moderne e altamente performanti.
Superfici consigliate:
Superfici lisce e molto lisce, lamiere e pannelli in metallo o alluminio.
Per applicare:
Smalti ferromicacei, fondi strutturati a quarzo fine.",avanguardia,/images/boldrini_prodotti/781MINIRULLOME-TEXAVANGUARDIA8mm.webp
782 – FLOCKED HD AVANGUARDIA,avanguardia,boldrini,"Rulli e rullini di qualità superiore, destinati all’uso professionale. Realizzati con fibre moderne e altamente performanti.
Superfici consigliate:
Superfici lisce e molto lisce, pannelli in legno, metallo ecc…
Per applicare:
Smalti e vernici all’acqua, con finitura perfetta.",avanguardia,/images/boldrini_prodotti/782FLOCKEDHDAVANGUARDIA.webp
A 095 PLAFONE AVANGUARDIA,avanguardia,boldrini,Plafone in setola bionda di altissima qualità. Elevato assorbimento e feeling di utilizzo.,avanguardia,/images/boldrini_prodotti/A095PLAFONEAVANGUARDIA.webp
A 055 AVANGUARDIA,avanguardia,boldrini,"Plafoncino in setola bionda di altissima qualità.
Elevato assorbimento e feeling di utilizzo.",avanguardia,/images/boldrini_prodotti/A055AVANGUARDIA.webp
A 065 AVANGUARDIA,avanguardia,boldrini,"Nuovo supporto: garantisce un migliore posizionamento del pennello all’interno della latta, evitando cadute accidentali. In acciaio verniciato a polveri, è immune dalla ruggine e dura a lungo nel tempo.
Super leggero: totalmente in moplen, senza parti in legno o metallo, risulta fino ad un 30% più leggero e garantisce maggiore durata nel tempo, senza problemi di ruggine.",avanguardia,/images/boldrini_prodotti/A065AVANGUARDIA.webp
A 085 AVANGUARDIA,avanguardia,boldrini,"Nuovo supporto: garantisce un migliore posizionamento del pennello all’interno della latta, evitando cadute accidentali. In acciaio verniciato a polveri, è immune dalla ruggine e dura a lungo nel tempo.
Super leggero: totalmente in moplen, senza parti in legno o metallo, risulta fino ad un 30% più leggero e garantisce maggiore durata nel tempo, senza problemi di ruggine.",avanguardia,/images/boldrini_prodotti/A085AVANGUARDIA.webp
214 | Pennello da smalto Hobby,boldrini,boldrini,pennello gamma base boldrini,pennelli-in-setola-bionda,/images/boldrini_prodotti/214PennellodasmaltoHobby.webp
521 | Pennello da smalto select SPECIAL,boldrini,boldrini,pennello select bolfrini made in italy,pennelli-in-setola-bionda,/images/boldrini_prodotti/521PennellodasmaltoselectSPECIAL.webp
118 | Pennello professionale 20 mm,boldrini,boldrini,"Pennellessa americana professionale, setola bionda extra manico legno.
 ",pennelli-in-setola-bionda,/images/boldrini_prodotti/118Pennelloprofessionale20mm.webp
112 | Pennello professionale 20mm,boldrini,boldrini,"Pennellessa americana professionale, setola bionda  e manico di legno.
 ",pennelli-in-setola-bionda,/images/boldrini_prodotti/112Pennelloprofessionale20mm.webp
80 | Pennello professionale,boldrini,boldrini,"Pennellessa tripla in setola bionda, manico in legno e ghiera in acciao inox.
       ",pennelli-in-setola-bionda,/images/boldrini_prodotti/80Pennelloprofessionale.webp
177 | Pennello professionale,boldrini,boldrini,"Pennellessa professionale in setola bionda con manico bi-componente Soft Tools
       ",pennelli-in-setola-bionda,/images/boldrini_prodotti/177Pennelloprofessionale.webp
50 | Pennello professionale,boldrini,boldrini,"Classica pennellessa per eccellenza, setola bionda, manico in legno e ghiera in acciao.
 ",pennelli-in-setola-bionda,/images/boldrini_prodotti/50Pennelloprofessionale.webp
52 | Pennello setola bionda EcoWood,boldrini,boldrini,"Nuova pennellessa con manico di pasta di legno reciclato ECOWOOD. Setola bionda e ghiera in acciaio.
 ",pennelli-in-setola-bionda,/images/boldrini_prodotti/52PennellosetolabiondaEcoWood.webp
515 | Pennello manico plastica,boldrini,boldrini,"Pennellessa con manico e ghiera in plastica, setola bionda.
 ",pennelli-in-setola-bionda,/images/boldrini_prodotti/515Pennellomanicoplastica.webp
502 | Pennello manico plastica,boldrini,boldrini,"Pennellessa con manico in plastica, ghiera in acciaio e setola bionda.
 ",pennelli-in-setola-bionda,/images/boldrini_prodotti/502Pennellomanicoplastica.webp
314 | Pennellessa bionda Hobby,boldrini,boldrini,"Pennellessa economica, ideale per piccoli lavori o fai da te.
 ",pennelli-in-setola-bionda,/images/boldrini_prodotti/314PennellessabiondaHobby.webp
18 | Plafone professionale S.Gold,boldrini,boldrini,"CARATTERISTICHE TECNICHE:
esclusiva miscela di setole di sintesi speciali. Elevate prestazioni con qualsiasi tipo di pittura, ottimo feeling di utilizzo e profilatura di alto livello. Facile da pulire, consente di applicare qualsiasi tipo di pittura sulle principali superfici murali. Corpo in moplen, per una maggiore resistenza all’immersione in acqua. Molto leggero e resistente.",plafoni-professionali,/images/boldrini_prodotti/18PlafoneprofessionaleSGold.webp
704 | Plafone professionale S.Plus,boldrini,boldrini,"CARATTERISTICHE TECNICHE:
nuova miscela di setole naturali e fibre di sintesi di alta qualità. Maggiore contenuto di setole naturali per un migliore assorbimento ed un alto grado di maneggevolezza e versatilità. Setole extra lunghe per maggiore durata e profilatura ottimale. Corpo in moplen, per una maggiore resistenza all’immersione in acqua. Molto leggero e resistente.",plafoni-professionali,/images/boldrini_prodotti/704PlafoneprofessionaleSPlus.webp
602 | Plafone professionale S.Pro,boldrini,boldrini,"CARATTERISTICHE TECNICHE:
plafone in setole naturali miscelate a setole di sintesi di alta qualità. Duraturo e resistente, la scelta ideale per il professionista che cerca uno strumento affidabile e di alta qualità. Corpo in moplen, per una maggiore resistenza all’immersione in acqua. Molto leggero e resistente.",plafoni-professionali,/images/boldrini_prodotti/602PlafoneprofessionaleSPro.webp
601 | Plafone professionale S.Pro,boldrini,boldrini,"CARATTERISTICHE TECNICHE:
plafone in setole naturali miscelate a setole di sintesi di alta qualità. Per gli amanti della qualità senza compromessi, uno strumento di lunga durata, dalle performances garantite nel tempo.  Design classico, con manico in legno levigato al naturale e assicella bassa.",plafoni-professionali,/images/boldrini_prodotti/601PlafoneprofessionaleSPro.webp
400 | Plafone essential 400,boldrini,boldrini,"CARATTERISTICHE TECNICHE:
plafone in setole di sintesi di alta qualità miscelate a setole naturali per un migliore assorbimento. Rapporto qualità prezzo favorevole, buona durata e prestazione ideali per l’uso professionale e per il fai da te. Corpo in moplen, per una maggiore resistenza all’immersione in acqua. Molto leggero e resistente.",plafoni-professionali,/images/boldrini_prodotti/400Plafoneessential400.webp
1000 | Plafone essential 1000,boldrini,boldrini,"CARATTERISTICHE TECNICHE:
plafone 100% in setole di sintesi, miscelate per ottenere il miglior rapporto tra prestazioni e prezzo. Conveniente e performante, si presta all’utilizzo professionale e hobbystico. Corpo in moplen, per una maggiore resistenza all’immersione in acqua. Molto leggero e resistente.",plafoni-professionali,/images/boldrini_prodotti/1000Plafoneessential1000.webp
746 | Rullo professionale Duro 18 mm,rollfit,boldrini,"DURO: Tessuto in speciali fibre di poliammide con sezione tri-facciale, ideale per l’applicazione di qualsiasi pittura murale, su superfici ruvide.
CARATTERISTICHE TECNICHE:
Ottimo potere d’assorbimento che garantisce la copertura rapida di grandi superfici. L’eccezionale resilienza, consente al rullo di scorrere agevolmente riducendo lo sforzo dell’operatore. ",rulli-e-mini-rulli-per-pittura,/images/boldrini_prodotti/746RulloprofessionaleDuro18mm.webp
964 | Rullo professionale Markless 18 mm,rollfit,boldrini,"MARK-LESS: tessuto in speciali fibre di poliammide modificate. Trattamento MARK-less che previene la spiumatura delle fibre e riduce drasticamente il rilascio di pelucchi. Cordonatura exrta fine, per migliori scorrevolezza e finitura.
CARATTERISTICHE TECNICHE: Elevato potere di assorbimento combinato ad un rilascio costante e uniforme. L’eccezionale resilienza, consente al rullo di scorrere agevolmente riducendo lo sforzo dell’operatore. Finitura ottimale sulle principali superfici murali. Facile da pulire.",rulli-e-mini-rulli-per-pittura,/images/boldrini_prodotti/964RulloprofessionaleMarkless18mm.webp
356 | Rullo professionale GOLD-faden 20 mm,rollfit,boldrini,"GOLD-faden: Un classico intramontabile, il più venduto e conosciuto, sinonimo di professionalità e ottimo rapporto qualità prezzo. Tessuto cordonato in 100% poliammide di alta qualità.
CARATTERISTICHE TECNICHE: 
Un ottimo valore di resilienza conferisce a questo tessuto elevate prestazioni. Buon assorbimento di qualsiasi pittura murale.  Rilascio uniforme e lunga durata.",rulli-e-mini-rulli-per-pittura,/images/boldrini_prodotti/356RulloprofessionaleGOLD-faden20mm.webp
963 | Rullo professionale MARK-less 12 mm,rollfit,boldrini,"MARK-LESS: tessuto in speciali fibre di poliammide modificate. Trattamento MARK-less che previene la spiumatura delle fibre e riduce drasticamente il rilascio di pelucchi. Cordonatura exrta fine, per migliori scorrevolezza e finitura.
CARATTERISTICHE TECNICHE: Elevato potere di assorbimento combinato ad un rilascio costante e uniforme. L’eccezionale resilienza, consente al rullo di scorrere agevolmente riducendo lo sforzo dell’operatore. Finitura ottimale sulle principali superfici murali. Facile da pulire.",rulli-e-mini-rulli-per-pittura,/images/boldrini_prodotti/963RulloprofessionaleMARK-less12mm.webp
354 | Rullo professionale GOLD-faden 13 mm,rollfit,boldrini,"GOLD-faden: Un classico intramontabile, il più venduto e conosciuto, sinonimo di professionalità e ottimo rapporto qualità prezzo. Tessuto cordonato in 100% poliammide di alta qualità.
CARATTERISTICHE TECNICHE: 
Un ottimo valore di resilienza conferisce a questo tessuto elevate prestazioni. Buon assorbimento di qualsiasi pittura murale.  Rilascio uniforme e lunga durata.",rulli-e-mini-rulli-per-pittura,/images/boldrini_prodotti/354RulloprofessionaleGOLD-faden13mm.webp
739 | Rullo professionale Micro + 12 mm,rollfit,boldrini,"MICRO+: nuovo tessuto in microfibra di altissima densità. Maggiore rigidità e resilienza rispetto alle microfibre convenzionali, garantisce eccellente finitura, combinata ad un maggiore assorbimento e ad una copertura più veloce.",rulli-e-mini-rulli-per-pittura,/images/boldrini_prodotti/739RulloprofessionaleMicro12mm.webp
842 | Rullo professionale Hi-TEN 14 mm,rollfit,boldrini,"Hi-TEN: nuovo tessuto in fibre di poliestere lavorate e testurizzate. Finitura impeccabile su superfici molto lisce. Nessuna perdita di fibre, quindi si rende particolarmente idoneo all’applicazione di resine e finiture opache e molto fini su pareti o pavimenti.",rulli-e-mini-rulli-per-pittura,/images/boldrini_prodotti/842RulloprofessionaleHi-TEN14mm.webp
747 | Rullo professionale MicroTex 15 mm,rollfit,boldrini,"MicroTex: Tessuto in speciale miscela di microfibra e filamenti di poliestere testurizzato. La combinazione dei due tessuti migliora le prestazioni del rullo che mantiene un eccellente livello di finitura e garantisce un migliore rilascio ed assorbimento.
CARATTERISTICHE TECNICHE: 
Finitura eccellente su pareti lisce e molto lisce. La versione da 15mm, si rende idonea per l’applicazione di idropitture e lavabili murali. La versione da 6mm, consente di applicare smalti murali, vernici e resine per pavimenti. ",rulli-e-mini-rulli-per-pittura,/images/boldrini_prodotti/747RulloprofessionaleMicroTex15mm.webp
756 | Rullo professionale PEARL finish 12 mm,rollfit,boldrini,"PEARL finish: tessuto in microfibra speciale di altissima densità. Ideale per applicare smalti murali su pareti lisce e molto lisce. Consente di ottenere una finitura priva di qualsiasi imperfezione. 
CARATTERISTICHE TECNICHE:  Bordi bisellati con controllo manuale. La bisellatura consente di ridurre in modo considerevole i segni del passaggio del rullo sulla parete, migliorando la resa estetica della finitura.",rulli-e-mini-rulli-per-pittura,/images/boldrini_prodotti/756RulloprofessionalePEARLfinish12mm.webp
757 | Rullo professionale PEARL finish 9 mm,rollfit,boldrini,"PEARL finish: tessuto in microfibra speciale di altissima densità. Ideale per applicare smalti murali su pareti lisce e molto lisce. Consente di ottenere una finitura priva di qualsiasi imperfezione. 
CARATTERISTICHE TECNICHE:  Bordi bisellati con controllo manuale. La bisellatura consente di ridurre in modo considerevole i segni del passaggio del rullo sulla parete, migliorando la resa estetica della finitura.",rulli-e-mini-rulli-per-pittura,/images/boldrini_prodotti/757RulloprofessionalePEARLfinish9mm.webp
333 | Rullo professionale ME-Tex 12 mm,rollfit,boldrini,"MicroTex: Tessuto in speciale miscela di microfibra e filamenti di poliestere testurizzato. La combinazione dei due tessuti migliora le prestazioni del rullo che mantiene un eccellente livello di finitura e garantisce un migliore rilascio ed assorbimento.
CARATTERISTICHE TECNICHE: 
Finitura eccellente su pareti lisce e molto lisce. La versione da 15mm, si rende idonea per l’applicazione di idropitture e lavabili murali. La versione da 6mm, consente di applicare smalti murali, vernici e resine per pavimenti. ",rulli-e-mini-rulli-per-pittura,/images/boldrini_prodotti/333RulloprofessionaleME-Tex12mm.webp
Frame professionale,effects-no-limits,boldrini,"Frame professionale, impugnatura soft tools",attrezzi-decorativi,/images/boldrini_prodotti/Frameprofessionale.webp
Frattone acciaio Inox 5580,effects-no-limits,boldrini,"Frattone di altissima qualità per applicazione e lucidatura di stucchi, marmorini e prodotti a base calce.
Super professionale con lama trapezoidale inox lucidata a mano, dalla flessibilità eccezionale.
Supporto in alluminio leggero, impugnatura ERGO+ in legno e gomma per il massimo confort.",attrezzi-decorativi,/images/boldrini_prodotti/FrattoneacciaioInox5580.webp
Guanto clouds,effects-no-limits,boldrini,Guanto in pile standard.,attrezzi-decorativi,/images/boldrini_prodotti/Guantoclouds.webp
Guanto clouds + alga,effects-no-limits,boldrini,Guanto in pile e spugna.,attrezzi-decorativi,/images/boldrini_prodotti/Guantocloudsalga.webp
Rullo effetto GHIBLI,effects-no-limits,boldrini,"Rullo per effetto GHIBLI.
Completo di manico.",attrezzi-decorativi,/images/boldrini_prodotti/RulloeffettoGHIBLI.webp
Spalter classico,effects-no-limits,boldrini,Splater in setola bionda.,attrezzi-decorativi,/images/boldrini_prodotti/Spalterclassico.webp
Frattone 632 lama dentata,effects-no-limits,boldrini,"Frattone speciale per applicazione  e finitura di stuccgu e prodotti decorativi.
Lama dentata su un lato e liscia bisellata sull’altro.",attrezzi-decorativi,/images/boldrini_prodotti/Frattone632lamadentata.webp
Frattone Canyon 622,effects-no-limits,boldrini,Frattone professionale con lama sagomata.,attrezzi-decorativi,/images/boldrini_prodotti/FrattoneCanyon622.webp
Rullo effetto AGADIR,effects-no-limits,boldrini,"Rullo per effetto AGADIR.
Completo di manico.",attrezzi-decorativi,/images/boldrini_prodotti/RulloeffettoAGADIR.webp
Frame 12 x 12,effects-no-limits,boldrini,Frame impugnatura plastica.,attrezzi-decorativi,/images/boldrini_prodotti/Frame12x12.webp
Frattone 624,effects-no-limits,boldrini,Frattone con lama in policarbonato e manico Soft tools.,attrezzi-decorativi,/images/boldrini_prodotti/Frattone624.webp
Rullo effetto DESERT,effects-no-limits,boldrini,"Rullo per effetto DESERT.
Completo di manico.",attrezzi-decorativi,/images/boldrini_prodotti/RulloeffettoDESERT.webp
48000 | Professional TAPING SET,boldrini,boldrini,"SET PER STUCCATURA DI GIUNTI E ANGOLI TRA LASTRE DI CARTONGESSO.
IL SET CONTIENE:
Spatole DecoLiss cm 10 e cm 30
Rulli per stucchi cm 8, cm 18 e angolare
Frattone per angoli
Pertica telescopica",strumenti-innovativi-per-cartongesso-e-rasature,/images/boldrini_prodotti/48000ProfessionalTAPINGSET.webp
49000 | Professional MULTI-TOOLS SET,boldrini,boldrini,"SET PER STUCCATURA E RASATURA DI LASTRE IN CARTONGESSO.
IL SET CONTIENE:
Spatole DecoLiss cm 10 e cm 30
Rulli per stucchi cm 8, cm 18 e angolare + manici
Frattone per angoli
2 Parfait Liss
Pertiche telescopica",strumenti-innovativi-per-cartongesso-e-rasature,/images/boldrini_prodotti/49000ProfessionalMULTI-TOOLSSET.webp
51000 | Professional FINISHING SET,boldrini,boldrini,"SET PER APPLICAZIONE DI STUCCO SU GRANDI SUPERFICI.
IL SET CONTIENE:
Spatole ParfaitLiss cm 10/25/45/60
Pertica ParfaitLiss 1mt
Pertica ParfaitLiss 1,5mt
Rulli e manici per stucco da cm 8 e 22",strumenti-innovativi-per-cartongesso-e-rasature,/images/boldrini_prodotti/51000ProfessionalFINISHINGSET.webp
52000 | Professional AIRLESS SET,boldrini,boldrini,"SET PER APPLICAZIONE DI STUCCO SU GRANDI SUPERFICI.
IL SET CONTIENE:
Spatole ParfaitLiss cm 25-35-45-60-80-100
Pertica ParfaitLiss 2mt",strumenti-innovativi-per-cartongesso-e-rasature,/images/boldrini_prodotti/52000ProfessionalAIRLESSSET.webp
47000 | Professional ROLL CUT,boldrini,boldrini,"SET PER APPLICAZIONE CARTA SU GIUNTI DA CARTONGESSO.
IL SET CONTIENE:
Roll Cut + pertiche",strumenti-innovativi-per-cartongesso-e-rasature,/images/boldrini_prodotti/47000ProfessionalROLLCUT.webp
54000 | Lampada PERFECT FINISH,boldrini,boldrini,Lampada per illuminare in modo orizzontale pareti e soffitti.,strumenti-innovativi-per-cartongesso-e-rasature,/images/boldrini_prodotti/54000LampadaPERFECTFINISH.webp
56000 | Lampada TORRE LED 100W,boldrini,boldrini,"Torre led per luce a 360°, flusso illuminante 8.000 lumens",strumenti-innovativi-per-cartongesso-e-rasature,/images/boldrini_prodotti/56000LampadaTORRELED100W.webp
541 | Spatola speciale PARFAIT LISS,boldrini,boldrini,"Spatola per finitura di grandi superfici, con l’ausilio di pertica.
Misure disponibili: cm 25 – 35 – 45 – 60 – 80 – 100
Pertica telescopica a parte, da 2mt",strumenti-innovativi-per-cartongesso-e-rasature,/images/boldrini_prodotti/541SpatolaspecialePARFAITLISS.webp
946 | Rulli di ricambio per applicare stucco,boldrini,boldrini,"Rulli speciali per applicazione stucco.
Con tessuto in nylon 18mm per ottenere una massima rigidità e resistenza;
Soggetto a 3 stazioni di pulizia per rimuovere ogni fibra non ancorata e ridurne al minimo la perdita in parete;
Prodotto tramite termo-incollaggio per garantire la migliore adesione del tessuto;
Con meccanica interna dall’elevata resistenza.",strumenti-innovativi-per-cartongesso-e-rasature,/images/boldrini_prodotti/946Rullidiricambioperapplicarestucco.webp
Stop DROPS – Bobinetta carta,nasco,boldrini,"Elevato potere adesivo, aderiscono ad ogni supporto senza lasciare residui.
Facile e veloce
Per uso professionale e privato.
     ",accessori-per-mascheratura-e-protezione,/images/boldrini_prodotti/StopDROPSBobinettacarta.webp
Stop DROPS – Bobinetta nylon,nasco,boldrini,"  Bobinette accoppiate per copertura rapida di mobili, porte e finestre
Elevato potere adesivo
Aderiscono ad ogni supporto senza lasciare residui.
Facile e veloce
Per uso professionale e privato.
       ",accessori-per-mascheratura-e-protezione,/images/boldrini_prodotti/StopDROPSBobinettanylon.webp
Stop DROPS – Bobinetta per esterni,nasco,boldrini,"  Bobine accoppiate con nastro tela blu, per esterni e superfici ruvide.
Resistente ai raggi UV
Aderenza anche su superfici difficili e irregolari
       ",accessori-per-mascheratura-e-protezione,/images/boldrini_prodotti/StopDROPSBobinettaperesterni.webp
Stop DROPS – Carta per mascheratura,nasco,boldrini,"  Bobine accoppiate con nastro tela blu, per esterni e superfici ruvide.
Resistente ai raggi UV
Carta per mascheratura professionale basso grado di porosità
Uso universale
Utilizzabile manualmente o tramite incartatrice paperella.
       ",accessori-per-mascheratura-e-protezione,/images/boldrini_prodotti/StopDROPSCartapermascheratura.webp
Xup – Bobine PRO,nasco,boldrini,"Bobine per mascheratura professionale in polietilene antiscivolo e antirottura.
Alta qualità
Polietilene alto spessore, facilmente posizionabile.
Elevata protezione per qualsiasi superfice.
Disponibili:
polietilene trasparente, prima scelta
polietilene rigenerato",accessori-per-mascheratura-e-protezione,/images/boldrini_prodotti/XupBobinePRO.webp
Xup – Feltro TexUp,nasco,boldrini,"  Feltro assorbente riutilizzabile più volte.
Accoppiato con pellicola in polietilene.
Miglior rapporto qualità/prezzo
Feltro di buona qualità, 250 gr al m2.
         ",accessori-per-mascheratura-e-protezione,/images/boldrini_prodotti/XupFeltroTexUp.webp
Xup – Sacchi edilizia,nasco,boldrini,"Sacchi per edilizia, elevato spessore e resistenza",accessori-per-mascheratura-e-protezione,/images/boldrini_prodotti/XupSacchiedilizia.webp
Xup – Macchinetta incartatrice,nasco,boldrini,"Macchinetta incartatrice professionale.
Lame disponibili:
15cm – 30cm – 45cm
 ",accessori-per-mascheratura-e-protezione,/images/boldrini_prodotti/XupMacchinettaincartatrice.webp
120 | Pennello professionale 20 mm,boldrini,boldrini,"Pennellessa  americana in setola nera, ghiera in acciaio inox e manico in legno.",pennelli-in-setola-nera,/images/boldrini_prodotti/120Pennelloprofessionale20mm.webp
60 | Pennello professionale,boldrini,boldrini,"Pennellessa  in setola nera, ghiera acciaio inox e manico di legno.",pennelli-in-setola-nera,/images/boldrini_prodotti/60Pennelloprofessionale.webp
40 | Pennello professionale,boldrini,boldrini,"Pennellessa classica in setola nera, ghiera metallo e manico di legno.",pennelli-in-setola-nera,/images/boldrini_prodotti/40Pennelloprofessionale.webp
Plafoncino 237,boldrini,boldrini,"Plafoncino per fai da te, ottima qualità prezzo.",plafoni-e-plafoncini-per-hobby,/images/boldrini_prodotti/Plafoncino237.webp
Plafoncino 331,boldrini,boldrini,"Plafoncino per fai da te, primo prezzo.",plafoni-e-plafoncini-per-hobby,/images/boldrini_prodotti/Plafoncino331.webp
Tondo 21,boldrini,boldrini,"Setola	
Bionda
Manico	
Plastica
Misura	
2/4/6/8/10/12/14/16/18
",pennelli-tondi-e-speciali,/images/boldrini_prodotti/Tondo21.webp
Tondo 28,boldrini,boldrini,"Setola	
Bionda
Manico	
Legno
Misura	
2/4/6/8/10/12/14/16/18",pennelli-tondi-e-speciali,/images/boldrini_prodotti/Tondo28.webp
Tondo 317,boldrini,boldrini,"Setola	Bionda
Manico	Plastica
Misura 2/4/6/8/10/12/14/16/18/20/22/24

",pennelli-tondi-e-speciali,/images/boldrini_prodotti/Tondo317.webp
Tondo 310,boldrini,boldrini,"Setola	Bionda
Manico	Plastica
Misura	2/4/6/8/10/12/14/16/18/20/22/24",pennelli-tondi-e-speciali,/images/boldrini_prodotti/Tondo310.webp
Ovale 230,boldrini,boldrini,"Setola	Nera
Manico	Legno
Misura	1,5"" / 2"" / 2,5""

",pennelli-tondi-e-speciali,/images/boldrini_prodotti/Ovale230.webp
Ovale 228,boldrini,boldrini,"Setola	Bionda
Manico	Legno
Misura	1,5"" / 2"" / 2,5""

",pennelli-tondi-e-speciali,/images/boldrini_prodotti/Ovale228.webp
Tondo 201,boldrini,boldrini,"Setola	Nera
Manico	Legno
Misura 25/30/35/40/45/50",pennelli-tondi-e-speciali,/images/boldrini_prodotti/Tondo201.webp
Tondo 217,boldrini,boldrini,"Setola	Bionda
Manico	Legno
Misura	60",pennelli-tondi-e-speciali,/images/boldrini_prodotti/Tondo217.webp
344 | Rullo professionale Dusseldorf 21 mm,rollfit,boldrini,"DUSSELDORF: da oltre 30 anni il riferimento per l’artigiano professionista. Tessuto in speciali fibre di poliammide con sezione tri-facciale, ideale per l’applicazione di qualsiasi pittura murale, su superfici ruvide.
CARATTERISTICHE TECNICHE:
Eccellente potere d’assorbimento che garantisce la copertura rapida di grandi superfici. L’eccezionale resilienza, consente al rullo di scorrere agevolmente riducendo lo sforzo dell’operatore. Grande durata nel tempo.",rulli-per-superfici-ruvide-intonaci-e-facciate,/images/boldrini_prodotti/344RulloprofessionaleDusseldorf21mm.webp
Frattone 426,effects-no-limits,boldrini,"Frattone arrotondato, bordo smussato.",frattoni-e-spatole-per-decorazione,/images/boldrini_prodotti/Frattone426.webp
Spatola doppia lama,effects-no-limits,boldrini,"Spatola doppia lama, flessibilità calibrata.",frattoni-e-spatole-per-decorazione,/images/boldrini_prodotti/Spatoladoppialama.webp
Spatola doppia lama sagomata,effects-no-limits,boldrini,Spatola doppia lama sagomata.,frattoni-e-spatole-per-decorazione,/images/boldrini_prodotti/Spatoladoppialamasagomata.webp
18 | Pennello universale S. Gold,boldrini,boldrini,"Nuova pennellessa con nuove e moderne fibre di sintesi, per applicazioni di ogni prodotto verniciante sulle principali superfici in edilizia e decorazione.
 ",pennelli-da-smalto-e-da-termo,/images/boldrini_prodotti/18PennellouniversaleSGold.webp
Radiatore 18 pro,boldrini,boldrini,"Nuovo radiatore con nuove e moderne fibre di sintesi, per applicazioni di ogni prodotto verniciante sulle principali superfici in edilizia e decorazione.",pennelli-da-smalto-e-da-termo,/images/boldrini_prodotti/Radiatore18pro.webp
176 | Pennello universale S. Gold +,boldrini,boldrini,"Nuova pennellessa con manico soft tools. nuove e moderne fibre di sintesi, per applicazioni di ogni prodotto verniciante sulle principali superfici in edilizia e decorazione.
 ",pennelli-da-smalto-e-da-termo,/images/boldrini_prodotti/176PennellouniversaleSGold.webp
Radiatore 95 pro,boldrini,boldrini,"Radiatore in setola bionda, ghiera acciaio inox e manico di legno.",pennelli-da-smalto-e-da-termo,/images/boldrini_prodotti/Radiatore95pro.webp
Craft,ergo,boldrini,Ideale per malte e calci.,attrezzi-manuali,/images/boldrini_prodotti/Craft.webp
Frattazzo 633,ergo,boldrini,"Frattazzo in spugna morbida, grana media per intonaci premiscelati.
Misure: 14×14 – 21×14 – 24×10 – 40×7 – angolare",attrezzi-manuali,/images/boldrini_prodotti/Frattazzo633.webp
Frattazzo 632,ergo,boldrini,"Frattazzo in spugna compatta, grana fine per intonaci classici.
Misure: 14×14 – 21×14 – 24×10 – 40×7",attrezzi-manuali,/images/boldrini_prodotti/Frattazzo632.webp
Speed,ergo,boldrini,Ideale per vernici e colle.,attrezzi-manuali,/images/boldrini_prodotti/Speed.webp
Eco,ergo,boldrini,Ideale per vernici.,attrezzi-manuali,/images/boldrini_prodotti/Eco.webp
Frattazzo,ergo,boldrini,"Frattazzo in moosse espansa, granna media per intonaci premiscelati.
Misure: 14×14 – 21×15 – 28×14 – 40×7",attrezzi-manuali,/images/boldrini_prodotti/Frattazzo.webp
Frattone trapezoidale 5570,ergo,boldrini,"Frattone professionale per applicazione e lucidatura di stucchi, marmirini e prodotti a base calce.
Rapporto qualità prezzo conveniente.",attrezzi-manuali,/images/boldrini_prodotti/Frattonetrapezoidale5570.webp
Plaster,ergo,boldrini,Ideale per malte e vernici.,attrezzi-manuali,/images/boldrini_prodotti/Plaster.webp
Frattazzo poliuretano,ergo,boldrini,Frattazzo in spugna sintetica per piastrellisti e lavaggio ceramiche.,attrezzi-manuali,/images/boldrini_prodotti/Frattazzopoliuretano.webp
Light,ergo,boldrini,"Ideale per colle, malte e gesso.",attrezzi-manuali,/images/boldrini_prodotti/Light.webp
Mini,ergo,boldrini,Ideale per smalti.,attrezzi-manuali,/images/boldrini_prodotti/Mini.webp
Raschietto classico,ergo,boldrini,"Raschietto manico di legno, lama in acciaio.",attrezzi-manuali,/images/boldrini_prodotti/Raschiettoclassico.webp
Spugna,ergo,boldrini,"Spugna in mousse espansa, grana media.
Misura: 16x11x6",frattazzi-in-spugna,/images/boldrini_prodotti/Spugna.webp
Xup Stop DROPS 4×4 110 gr,nasco,boldrini,"Telo copritutto HDPE vergine, prima scelta.",teli-copritutto-professionali,/images/boldrini_prodotti/XupStopDROPS44110gr.webp
Xup Stop DROPS 4×4 180 gr,nasco,boldrini,"Telo copritutto HDPE vergine, prima scelta.",teli-copritutto-professionali,/images/boldrini_prodotti/XupStopDROPS44180gr.webp
Xup Stop DROPS 4×4 195gr,nasco,boldrini,Telo copritutto LDPE trasparente.,teli-copritutto-professionali,/images/boldrini_prodotti/XupStopDROPS44195gr.webp
Xup Stop DROPS 4×4 340gr,nasco,boldrini,Telo copritutto LDPE trasparente.,teli-copritutto-professionali,/images/boldrini_prodotti/XupStopDROPS44340gr.webp
Xup Stop DROPS 25×4 – 670gr,nasco,boldrini,"Telo copritutto HDPE vergine, prima scelta.",teli-copritutto-professionali,/images/boldrini_prodotti/XupStopDROPS254670gr.webp
Xup Stop DROPS 25×4 – 1150gr,nasco,boldrini,"Telo copritutto HDPE vergine, prima scelta.",teli-copritutto-professionali,/images/boldrini_prodotti/XupStopDROPS2541150gr.webp
18 | Plafoncino S.Gold,boldrini,boldrini,"CARATTERISTICHE TECNICHE:
esclusiva miscela di setole di sintesi speciali. Elevate prestazioni con qualsiasi tipo di pittura, ottimo feeling di utilizzo e profilatura di alto livello. Facile da pulire, consente di applicare qualsiasi tipo di pittura sulle principali superfici murali.",plafoncini-professionali,/images/boldrini_prodotti/18PlafoncinoSGold.webp
241 | Plafoncino professionale S.pro,boldrini,boldrini,"CARATTERISTICHE TECNICHE:
plafone in setole naturali miscelate a setole di sintesi di alta qualità.  Duraturo e resistente, la scelta ideale per il professionista che cerca uno strumento affidabile e di alta qualità.",plafoncini-professionali,/images/boldrini_prodotti/241PlafoncinoprofessionaleSpro.webp
1000 | Plafoncino professionale Essential,boldrini,boldrini,"CARATTERISTICHE TECNICHE:
plafone 100% in setole di sintesi, miscelate per ottenere il miglior rapporto tra prestazioni e prezzo.  Conveniente e performante, si presta all’utilizzo professionale e hobbystico",plafoncini-professionali,/images/boldrini_prodotti/1000PlafoncinoprofessionaleEssential.webp
280 | Plafoncino professionale Biondo,boldrini,boldrini,"Setole bionde di alta qualità extra lunghe,  per migliorare profilatura e maggior durata.
 ",plafoncini-professionali,/images/boldrini_prodotti/280PlafoncinoprofessionaleBiondo.webp
31 | Plafoncino professionale Biondo,boldrini,boldrini,"Ghiera ramata tonda. Setola bionda di alta qualità, plafoncino speciale per impregnanti.
 ",plafoncini-professionali,/images/boldrini_prodotti/31PlafoncinoprofessionaleBiondo.webp
294 | Plafoncino professionale Syntex,boldrini,boldrini,"Setole di sintesi morbide e durature. Ottimo per profilare e rifinire.
 ",plafoncini-professionali,/images/boldrini_prodotti/294PlafoncinoprofessionaleSyntex.webp
235 | Plafoncino setola bionda,boldrini,boldrini,"Setola bionda, ottimo rapporto qualità prezzo.
 ",plafoncini-professionali,/images/boldrini_prodotti/235Plafoncinosetolabionda.webp
270 | Plafoncino setola di sintesi lunga,boldrini,boldrini,Plafoncino in setole di sintesi miscelate.,plafoncini-professionali,/images/boldrini_prodotti/270Plafoncinosetoladisintesilunga.webp
Nasco M.tape PLUS,nasco,boldrini,"  Nastro in carta leggermente crespata, impregnata e spalmata con gomma naturale di qualità superiore.
Per mascherature di precisione, massima qualità per edilizia e carrozzeria. Il nastro ideale per i migliori professionisti.
Eccelle sulle principali superfici in edilizia. Precisione maggiore anche su supporti irregolari ed esposti ad alte temperature.",nastri-adesivi-professionali,/images/boldrini_prodotti/NascoMtapePLUS.webp
Nasco M.tape PRO,nasco,boldrini,"  Nastro in carta leggermente crespata, impregnata e spalmata con gomma naturale di elevata qualità.
Ideale per mascheratura e molteplici impieghi in edilizia, decorazione ed industria.
Esprime le migliori prestazioni su superfici lisce e regolari, facilmente removibile, non si strappa e non lascia residui.
 ",nastri-adesivi-professionali,/images/boldrini_prodotti/NascoMtapePRO.webp
Nasco M.tape EAN,nasco,boldrini,"  Nastro in carta leggermente crespata, impregnata e spalmata con gomma naturale di elevata qualità.
Ideale per mascheratura e molteplici impieghi in edilizia, decorazione ed industria.
Esprime le migliori prestazioni su superfici lisce e regolari, facilmente removibile, non si strappa e non lascia residui.
 ",nastri-adesivi-professionali,/images/boldrini_prodotti/NascoMtapeEAN.webp
Nasco S. ACCURATE,nasco,boldrini,"  Nastro in carta di riso washi originale. Massima qualità per mascheratura in edilizia, decorazione, carrozzeria.
Consente di tracciare linee nette e precise su molteplici superfici.
Ideale per lavori di alta precisione e per superfici difficili.
Elevata resistenza ai raggi UV, alle temperature estreme e all’umidità. Facile da rimuovere, non si strappa e non lascia residui.
   ",nastri-adesivi-professionali,/images/boldrini_prodotti/NascoSACCURATE.webp
Nasco S. DELICATE,nasco,boldrini,"  Nastro in carta di riso washi originale. Massima qualità per mascheratura di superfici delicate come: tappezzeria, finiture di alta decorazione, laccature, smalti all’acqua, pareti in cartongesso.
Buona resistenza ai raggi UV e all’umidità. Consente di ottenere profili netti e precisi, senza sbavature.
Facilissimo da srotolare e da rimuovere, senza strappi.
 ",nastri-adesivi-professionali,/images/boldrini_prodotti/NascoSDELICATE.webp
Nasco AMERICANO,nasco,boldrini,"  Nastro telato di alta qualità, per riparare, fissare, unire, sigillare molteplici superfici.
Resiste all’invecchiamento, agli agenti atmosferici e all’umidità.
Facile da utilizzare, si strappa con le mani e aderisce direttamente a qualsiasi superficie.
 ",nastri-adesivi-professionali,/images/boldrini_prodotti/NascoAMERICANO.webp
Nasco SYLENT,nasco,boldrini,"  Nastro in polipropilene biorientato con collante acrilico, per imballaggio di pacchi dal peso medio e leggero.
Soluzione conveniente per imballaggio manuale su molteplici tipologie di cartone e scatolame.
Svolgimento silenzioso, disponibile in 3 colori: Avana, bianco e trasparente.
   ",nastri-adesivi-professionali,/images/boldrini_prodotti/NascoSYLENT.webp
105 | Ovalpennellessa professionale,boldrini,boldrini,pennellessa premium supporto inox made in italy,pennelli-in-setola-di-sintesi,/images/boldrini_prodotti/105Ovalpennellessaprofessionale.webp
"106 | Sash angolata, qualità Premium",boldrini,boldrini,manico di legno dimensione 65mm,pennelli-in-setola-di-sintesi,/images/boldrini_prodotti/106SashangolataqualitàPremium.webp
503 | Pennello da smalto Select,boldrini,boldrini,manico  legno scuro setola bionda,pennelli-in-setola-di-sintesi,/images/boldrini_prodotti/503PennellodasmaltoSelect.webp
51 | Pennello EcoWood,boldrini,boldrini,"Pennellessa con manico in pasta di legno reciclato Ecowood.
 ",pennelli-in-setola-di-sintesi,/images/boldrini_prodotti/51PennelloEcoWood.webp
89 | Pennello professionale orel,boldrini,boldrini,"Pennello professionale per impregnanti e finiture su legno
 ",pennelli-in-setola-di-sintesi,/images/boldrini_prodotti/89Pennelloprofessionaleorel.webp
300 – 305 | Rullini e rullotti Goldfaden 12 mm,rollfit,boldrini,Rullino e rullotto perlon riga gialla,mini-rulli-e-rullotti,/images/boldrini_prodotti/300305RullinierullottiGoldfaden12mm.webp
1939 – 939 | Rullini e rullotti Micro + 8 mm,rollfit,boldrini,Rullino Microfibra 10mm,mini-rulli-e-rullotti,/images/boldrini_prodotti/1939939RullinierullottiMicro8mm.webp
606 | Rullino MicroTex 12 mm,rollfit,boldrini,Rullino Microtex 12mm,mini-rulli-e-rullotti,/images/boldrini_prodotti/606RullinoMicroTex12mm.webp
1938 – 938 | Rullino e rullotto MeTex 6 mm,rollfit,boldrini,Rullino e rullotto Rolltex,mini-rulli-e-rullotti,/images/boldrini_prodotti/1938938RullinoerullottoMeTex6mm.webp
1937 – 937 | Rullini e rullotto MicroFelt 4 mm,rollfit,boldrini,Rullino e rullotto Microfelt.,mini-rulli-e-rullotti,/images/boldrini_prodotti/1937937RullinierullottoMicroFelt4mm.webp
800 | Rullino velour 4 mm,rollfit,boldrini,Rullino Velour 4mm,mini-rulli-e-rullotti,/images/boldrini_prodotti/800Rullinovelour4mm.webp
600 | Rullino MicroTex 6 mm,rollfit,boldrini,Rullino Microtex,mini-rulli-e-rullotti,/images/boldrini_prodotti/600RullinoMicroTex6mm.webp
750 | Rullino in spugna moltopren HD,rollfit,boldrini,"Rullino in spugna, disponibile anche nella versione con entrambi i lati arrotondati cod. 751",mini-rulli-e-rullotti,/images/boldrini_prodotti/750RullinoinspugnamoltoprenHD.webp
753 | Rullino spugna CONCAVE,rollfit,boldrini,"Rullino in spugna, concavo all’estermità",mini-rulli-e-rullotti,/images/boldrini_prodotti/753RullinospugnaCONCAVE.webp
893 | Rullino spugna FLOCKED,rollfit,boldrini,Rullino  Flocked,mini-rulli-e-rullotti,/images/boldrini_prodotti/893RullinospugnaFLOCKED.webp
566 | Rullino FLOCKED PREMIUM,rollfit,boldrini,Rullino FLOCKED,mini-rulli-e-rullotti,/images/boldrini_prodotti/566RullinoFLOCKEDPREMIUM.webp
Frattone trapezoidale 2070,ergo,boldrini,"Frattone professionale per applicazione e lucidatura di stucchi, marmirini e prodotti a base calce.
Rapporto qualità prezzo conveniente.",frattoni-professionali,/images/boldrini_prodotti/Frattonetrapezoidale2070.webp
Frattone dentato 627,ergo,boldrini,"Frattone dentato in acciaio, per applicazione di colle, rasanti e resine.",frattoni-professionali,/images/boldrini_prodotti/Frattonedentato627.webp
Frattone in plastica 625,ergo,boldrini,"Nuovo frattone completamente in plastica, super leggero.
Privo di rivetti e di saldature.
Lama bordo smussato e finitura leggermente ruvida.",frattoni-professionali,/images/boldrini_prodotti/Frattoneinplastica625.webp
Frattone plastica 626,ergo,boldrini,"Frattone in plastica con supporto in alluminio e manico legno.
Lama rivettata con rivetti in alluminio.
Elevata resistenza e durata.",frattoni-professionali,/images/boldrini_prodotti/Frattoneplastica626.webp
Frattone plastica 628,ergo,boldrini,"Frattone completamente in plastica, senza rivetti. Lama liscia.",frattoni-professionali,/images/boldrini_prodotti/Frattoneplastica628.webp
Frattone plastica 623,ergo,boldrini,"Frattone in plastica flessibile.
Supporto in alluminio e manico Ergo +
Lama rivettata con rivetti in alluminio, per finiture decorative.",frattoni-professionali,/images/boldrini_prodotti/Frattoneplastica623.webp
45001 | Rullo Acrylmax 16mm con pertica 2mt,rollfit,boldrini,setola bionda manico plastica,rully-hobby-e-divertimento,/images/boldrini_prodotti/45001RulloAcrylmax16mmconpertica2mt.webp
45007 | Rullo Poliestere 18mm con pertica 2mt,rollfit,boldrini,setola bianca manico plastica,rully-hobby-e-divertimento,/images/boldrini_prodotti/45007RulloPoliestere18mmconpertica2mt.webp
404 – Rullo hobby Polyestere,rollfit,boldrini,"Ideale per il fai da te, facile da usare e dal costo contenuto, realizzato per assecondare i piccoli lavori nell’ambito domestico senza dover rinunciare a nulla.",rully-hobby-e-divertimento,/images/boldrini_prodotti/404RullohobbyPolyestere.webp
413 – Rullo hobby Polyestere,rollfit,boldrini,"Ideale per il fai da te, facile da usare e dal costo contenuto, realizzato per assecondare i piccoli lavori nell’ambito domestico senza dover rinunciare a nulla.",rully-hobby-e-divertimento,/images/boldrini_prodotti/413RullohobbyPolyestere.webp
Rullo effetto SULTAN,effects-no-limits,boldrini,"Rullo per effetto SULTAN.
Completo di manico.",rulli-per-decorazione,/images/boldrini_prodotti/RulloeffettoSULTAN.webp
Rullo effetto KROK,effects-no-limits,boldrini,"Rullo per effetto KROK.
Completo di manico.",rulli-per-decorazione,/images/boldrini_prodotti/RulloeffettoKROK.webp
Rullo effetto RAPPER,effects-no-limits,boldrini,"Rullo per effetto RAPPER.
Completo di manico.",rulli-per-decorazione,/images/boldrini_prodotti/RulloeffettoRAPPER.webp
Rullo effetto DELTA,effects-no-limits,boldrini,"Rullo per effetto DELTA.
Completo di manico.",rulli-per-decorazione,/images/boldrini_prodotti/RulloeffettoDELTA.webp
Rullo effetto BAMBOO,effects-no-limits,boldrini,"Rullo per effetto PAILETTE.
Completo di manico.",rulli-per-decorazione,/images/boldrini_prodotti/RulloeffettoBAMBOO.webp
Rullo effetto KREOS,effects-no-limits,boldrini,"Rullo per effetto KREOS.
Completo di manico.",rulli-per-decorazione,/images/boldrini_prodotti/RulloeffettoKREOS.webp
748 | Rullo professionale MicroTex 6 mm,rollfit,boldrini,"MicroTex: Tessuto in speciale miscela di microfibra e filamenti di poliestere testurizzato. La combinazione dei due tessuti migliora le prestazioni del rullo che mantiene un eccellente livello di finitura e garantisce un migliore rilascio ed assorbimento.
CARATTERISTICHE TECNICHE: 
Finitura eccellente su pareti lisce e molto lisce. La versione da 15mm, si rende idonea per l’applicazione di idropitture e lavabili murali. La versione da 6mm, consente di applicare smalti murali, vernici e resine per pavimenti. ",rulli-per-superfici-molto-lisce-resine-e-pavimenti,/images/boldrini_prodotti/748RulloprofessionaleMicroTex6mm.webp
324 | Rullo professionale MICRO FELT 5 mm,rollfit,boldrini,"MICRO FELT: 
Tessuto di nuova generazione, molto fine e compatto, ideale per applicare qualsiasi smalto, vernice o resina a base acrilica o PU, mono e bi componenti. La speciale testura del tessuto, consente alle finiture la corretta dilatazione delle resine per una copertura uniforme e priva di difetti. Non perde fibre durante l’uso.",rulli-per-superfici-molto-lisce-resine-e-pavimenti,/images/boldrini_prodotti/324RulloprofessionaleMICROFELT5mm.webp
314 | Rullo professionale VELOUR 5 mm,rollfit,boldrini,"VELOUR WOOL ROLLER: 
Il Classico per applicazione di smalti e vernici a base solvente. Per una finitura priva di difetti e un rilascio uniforme di smalti e vernici.",rulli-per-superfici-molto-lisce-resine-e-pavimenti,/images/boldrini_prodotti/314RulloprofessionaleVELOUR5mm.webp
758 | Rullo professionale ONYX sponge,rollfit,boldrini,"ONYX sponge: rullo di spugna per applicazioni di smalti e vernici all’acqua, su pareti lisce e molto lisce. Utilizzabile anche su legno o metallo",rulli-per-superfici-molto-lisce-resine-e-pavimenti,/images/boldrini_prodotti/758RulloprofessionaleONYXsponge.webp
331 | Rullo professionale ME-Tex 6 mm,rollfit,boldrini,"ME-Tex: tessuto in 100% poliammide testurizzato, alta densità. Le eccezionali caratteristiche di resistenza e resilienza, gli consentono di applicare anche i prodotti più aggressivi, senza alcuna perdita di fibre o distacco del pelo.
Caratteristiche:
Elevato potere di assorbimento indipendentemente dalla lunghezza di pelo. Me-Tex garantisce un assorbimento uniforme e la perfetta deposizione anche dei prodotti vernicianti più aggressivi. ",rulli-per-superfici-molto-lisce-resine-e-pavimenti,/images/boldrini_prodotti/331RulloprofessionaleME-Tex6mm.webp
Miscelatore metallo,ergo,boldrini,"Miscelatore super flessibile.
Cm 27",fruste-e-mescolatori,/images/boldrini_prodotti/Miscelatoremetallo.webp
Miscelatore metallo + apri barattolo,ergo,boldrini,Disponibile nella versione da 28cm – 35cm,fruste-e-mescolatori,/images/boldrini_prodotti/Miscelatoremetalloapribarattolo.webp
Miscelatore forato in plastica,ergo,boldrini,Cm 50,fruste-e-mescolatori,/images/boldrini_prodotti/Miscelatoreforatoinplastica.webp
Guanto mistral,effects-no-limits,boldrini,Guanto rasato per superfici lisce.,guanti-spugne-e-tamponi,/images/boldrini_prodotti/Guantomistral.webp
Tampone in plastica per velatura,effects-no-limits,boldrini,"da sempre la gamma di attrezzi manuali per l'ottenimento di finiture di alta decorazione, leader nel mondo. Sempre aggiornata, al passo con i tempi e le nuove tendenze della decorazione.
",guanti-spugne-e-tamponi,/images/boldrini_prodotti/Tamponeinplasticapervelatura.webp
Spugna naturale,effects-no-limits,boldrini,"Spugna naturale mare mediteraneo.
Disponibile anche modello mare dei caraibi mis: 14 / 16 / 18",guanti-spugne-e-tamponi,/images/boldrini_prodotti/Spugnanaturale.webp
Depths spugna sintetica,effects-no-limits,boldrini,Spugna sintetica misura grande.,guanti-spugne-e-tamponi,/images/boldrini_prodotti/Depthsspugnasintetica.webp
Vel cel,effects-no-limits,boldrini,Spugna mezzaluna in cellulosa.,guanti-spugne-e-tamponi,/images/boldrini_prodotti/Velcel.webp
Tampone woody,effects-no-limits,boldrini,Tampone woody per effetto legno.,guanti-spugne-e-tamponi,/images/boldrini_prodotti/Tamponewoody.webp
Tampone track,effects-no-limits,boldrini,Tampone tondo tracks.,guanti-spugne-e-tamponi,/images/boldrini_prodotti/Tamponetrack.webp
Tampone venice,effects-no-limits,boldrini,Tampone in legno e pelli sintetiche.,guanti-spugne-e-tamponi,/images/boldrini_prodotti/Tamponevenice.webp
421 | Rullo completo di manico Nylon 21 mm,rollfit,boldrini,"Professionale per eccellenza. Un classico, ideale per intonaci e superfici ruvide.",rulli-completi-di-manico-fisso,/images/boldrini_prodotti/421RullocompletodimanicoNylon21mm.webp
407 | Rullo completo di manico Acryl Max 20 mm,rollfit,boldrini,Rapporto qualità prezzo conveniente e qualità costruttiva professionale.,rulli-completi-di-manico-fisso,/images/boldrini_prodotti/407RullocompletodimanicoAcrylMax20mm.webp
942 | Rullo completo di manico Airtex 10 mm,rollfit,boldrini,Rapporto qualità prezzo conveniente e qualità costruttiva professionale.,rulli-completi-di-manico-fisso,/images/boldrini_prodotti/942RullocompletodimanicoAirtex10mm.webp
967 | Green Line | Pareti ruvide 18mm,rollfit,boldrini,"Rulli di qualità professionale, costruiti con tessuti 100% da filati riciclati.
Componenti plastici in EcoWood, una speciale miscela di plastiche e legno riciclati, che normalmente verrebbero sprecati durante le fasi di produzione.
Confezione senza plastica, in cartoncino riciclato.
Completi di impugnatura ecowood",rulli-completi-di-manico-fisso,/images/boldrini_prodotti/967GreenLineParetiruvide18mm.webp
965 | Green Line | Pareti poco ruvide 12mm,rollfit,boldrini,"Rulli di qualità professionale, costruiti con tessuti 100% da filati riciclati.
Componenti plastici in EcoWood, una speciale miscela di plastiche e legno riciclati, che normalmente verrebbero sprecati durante le fasi di produzione.
Confezione senza plastica, in cartoncino riciclato.
Completi di impugnatura ecowood",rulli-completi-di-manico-fisso,/images/boldrini_prodotti/965GreenLineParetipocoruvide12mm.webp
968 | Green Line | Pareti lisce 6mm,rollfit,boldrini,"Rulli di qualità professionale, costruiti con tessuti 100% da filati riciclati.
Componenti plastici in EcoWood, una speciale miscela di plastiche e legno riciclati, che normalmente verrebbero sprecati durante le fasi di produzione.
Confezione senza plastica, in cartoncino riciclato.
Completi di impugnatura ecowood",rulli-completi-di-manico-fisso,/images/boldrini_prodotti/968GreenLineParetilisce6mm.webp
Spalter sintetico,effects-no-limits,boldrini,Splater in setola azzurra sintetica.,spalter-con-e-senza-manico,/images/boldrini_prodotti/Spaltersintetico.webp
Spalter 20mm,effects-no-limits,boldrini,Splater 20mm in setola di sintesi.,spalter-con-e-senza-manico,/images/boldrini_prodotti/Spalter20mm.webp
Radiatore 94 pro,boldrini,boldrini,"Radiatore in setola bionda, ghiera acciaio e manico di legno.",pennelli-da-termo,/images/boldrini_prodotti/Radiatore94pro.webp
Radiatore 93 semi pro,boldrini,boldrini,"Pennello da termo classico, setola bionda.",pennelli-da-termo,/images/boldrini_prodotti/Radiatore93semipro.webp
Radiatore 102 spessore 20mm,boldrini,boldrini,"Radiatore in setola bionda spessore 20mm, ghiera in acciaio e manico di legno.",pennelli-da-termo,/images/boldrini_prodotti/Radiatore102spessore20mm.webp
Radiatore 90 semi pro,boldrini,boldrini,"Radiatore in setola di sintesi, ghiera acciaio  e manico di legno.",pennelli-da-termo,/images/boldrini_prodotti/Radiatore90semipro.webp
891 | Impugnatura bicomponente | Archetto extra lucido,rollfit,boldrini,Impugnatura professionale in acciaio galvanizzato ROLLFIT,impugnature-e-pertiche,/images/boldrini_prodotti/891ImpugnaturabicomponenteArchettoextralucido.webp
799 | Impugnatura in plastica | Archetto in acciaio INOX,rollfit,boldrini,Impugnatura professionale in acciaio INOX  AVANGUARDIA,impugnature-e-pertiche,/images/boldrini_prodotti/799ImpugnaturainplasticaArchettoinacciaioINOX.webp
0001 | Impugnatura per mini rulli e rullotti,rollfit,boldrini,"Impugnatura professionale per mini rulli e rullotti, disponibile con varie misure di archetti:
standard
corto
extra corto
extra lungo",impugnature-e-pertiche,/images/boldrini_prodotti/0001Impugnaturaperminirullierullotti.webp
793 | Impugnatura professionale estensibile,rollfit,boldrini,"Impugnatura professionale, speciale per rulli extra lunghi regolabile entro 40 e 60 cm.",impugnature-e-pertiche,/images/boldrini_prodotti/793Impugnaturaprofessionaleestensibile.webp
Prolunga telescopica in alluminio,rollfit,boldrini,"Pertica telescopica professionale alluminio, sistema di montaggio universale con cono o filetto.",impugnature-e-pertiche,/images/boldrini_prodotti/Prolungatelescopicainalluminio.webp
Prolunga telescopica in metallo,rollfit,boldrini,"Pertica telescopica professionale in metallo, sistema di montaggio universale con cono o filetto.",impugnature-e-pertiche,/images/boldrini_prodotti/Prolungatelescopicainmetallo.webp
Prolunga telescopica in alluminio extra lunga,rollfit,boldrini,"Pertica telescopica professionale alluminio, sistema di montaggio universale con cono o filetto.",impugnature-e-pertiche,/images/boldrini_prodotti/Prolungatelescopicainalluminioextralunga.webp
Kasbah,effects-no-limits,boldrini,Tampone rotondo effetto KASBAH,strumenti-per-effetti-materici,/images/boldrini_prodotti/Kasbah.webp
Raschietto forgiato,ergo,boldrini,Raschietto manico legno e lama 100 mm forgiata.,raschietti,/images/boldrini_prodotti/Raschiettoforgiato.webp
Raschietto 72 mm,ergo,boldrini,Raschietto manico lungo in legno e lama 72 mm.,raschietti,/images/boldrini_prodotti/Raschietto72mm.webp
Raschietto gambo lungo,ergo,boldrini,Raschietto gambo lungo e lama in acciaio 65 mm.,raschietti,/images/boldrini_prodotti/Raschiettogambolungo.webp
"Raschietto manico lungo, universale",ergo,boldrini,Raschietto  universale con lame intercambiabili ( cod. lame 517LR),raschietti,/images/boldrini_prodotti/Raschiettomanicolungouniversale.webp
Raschietti per pertica,ergo,boldrini,"Raschietti in metallo per pertica telescopica.
Disponibili in 3 versioni:
10cm
15cm
20cm",raschietti,/images/boldrini_prodotti/Raschiettiperpertica.webp
319.4 | Rullo imbottito Perlon 20 mm,rollfit,boldrini,"Il rullo di riferimento per il professionista, in versione imbottita con spugna alto spessore.",rulli-imbottiti-per-facciate-ruvide-e-superfici-molto-ruvide,/images/boldrini_prodotti/3194RulloimbottitoPerlon20mm.webp
759 | Rullo professionale cm 25|40|50|60 Micro+ 9mm,rollfit,boldrini,"MICRO+: nuovo tessuto in microfibra di altissima densità. Maggiore rigidità e resilienza rispetto alle microfibre convenzionali, garantisce eccellente finitura, combinata ad un maggiore assorbimento e ad una copertura più veloce.",rulli-industrialfloors-pavimenti-resine-fondi-e-grandi-superfici,/images/boldrini_prodotti/759Rulloprofessionalecm25405060Micro9mm.webp
333 | Rullo professionale cm40|50|60 ME-Tex 12 mm,rollfit,boldrini,"MicroTex: Tessuto in speciale miscela di microfibra e filamenti di poliestere testurizzato. La combinazione dei due tessuti migliora le prestazioni del rullo che mantiene un eccellente livello di finitura e garantisce un migliore rilascio ed assorbimento.
CARATTERISTICHE TECNICHE: 
Finitura eccellente su pareti lisce e molto lisce. La versione da 15mm, si rende idonea per l’applicazione di idropitture e lavabili murali. La versione da 6mm, consente di applicare smalti murali, vernici e resine per pavimenti. ",rulli-industrialfloors-pavimenti-resine-fondi-e-grandi-superfici,/images/boldrini_prodotti/333Rulloprofessionalecm405060ME-Tex12mm.webp
331 | Rullo professionale cm40|50|60 ME-Tex 6 mm,rollfit,boldrini,"ME-Tex: tessuto in 100% poliammide testurizzato, alta densità. Le eccezionali caratteristiche di resistenza e resilienza, gli consentono di applicare anche i prodotti più aggressivi, senza alcuna perdita di fibre o distacco del pelo.
Caratteristiche:
Elevato potere di assorbimento indipendentemente dalla lunghezza di pelo. Me-Tex garantisce un assorbimento uniforme e la perfetta deposizione anche dei prodotti vernicianti più aggressivi. ",rulli-industrialfloors-pavimenti-resine-fondi-e-grandi-superfici,/images/boldrini_prodotti/331Rulloprofessionalecm405060ME-Tex6mm.webp
842 | Rullo professionale cm40|50|60 Hi-TEN 14 mm,rollfit,boldrini,"Hi-TEN: nuovo tessuto in fibre di poliestere lavorate e testurizzate. Finitura impeccabile su superfici molto lisce. Nessuna perdita di fibre, quindi si rende particolarmente idoneo all’applicazione di resine e finiture opache e molto fini su pareti o pavimenti.",rulli-industrialfloors-pavimenti-resine-fondi-e-grandi-superfici,/images/boldrini_prodotti/842Rulloprofessionalecm405060Hi-TEN14mm.webp
,,,,,
