name,marca,descrizione,categoria,image_url
SYNTESI,IMER,Betoniere con motore elettrico o a scoppio. Capacità vasca: da 140 a 350 l.,Betonaggio,/images/imer_products/SYNTESI.webp
MINIBETA,IMER,Betoniera di piccole dimensioni. Motore elettrico. Capacità vasca: 134 l.,Betonaggio,/images/imer_products/MINIBETA.webp
ROLLBETA,IMER,Betoniera di piccole dimensioni. Motore elettrico. Capacità vasca: 134 l. Supporto rotante opzionale.,Betonaggio,/images/imer_products/ROLLBETA.webp
RIOBETA 140,IMER,Betoniera di piccole dimensioni con scarico alto. Motore elettrico. Capacità vasca: 134 l.,Betonaggio,/images/imer_products/RIOBETA_140.webp
SPIN 15 A,IMER,Mescolatore a ciclo continuo. Capacità tramoggia 60 l.,Mescolamento,/images/imer_products/SPIN_15_A.webp
SPIN 30 PLUS,IMER,Mescolatore a ciclo continuo. Capacità tramoggia 110 l.,Mescolamento,/images/imer_products/SPIN_30_PLUS.webp
MIX 60 PLUS,IMER,Mescolatrice compatta con pala universale. Capacità vasca 56 l.,Mescolamento,/images/imer_products/MIX_60_PLUS.webp
MIX-ALL,IMER,Mescolatrice compatta con esclusiva pala a tre movimenti. Capacità vasca 56 l.,Mescolamento,/images/imer_products/MIX-ALL.webp
MIX 80,IMER,Mescolatrice planetaria ad azione forzata. Capacità vasca 80 l.,Mescolamento,/images/imer_products/MIX_80.webp
MIX 120 PLUS,IMER,Mescolatrice planetaria ad azione forzata. Capacità vasca 120 l.,Mescolamento,/images/imer_products/MIX_120_PLUS.webp
MIX 200,IMER,Mescolatrice planetaria ad azione forzata. Capacità vasca 200 l.,Mescolamento,/images/imer_products/MIX_200.webp
MIX 360 R PLUS,IMER,Mescolatrice planetaria ad azione forzata. Capacità vasca 360 l.,Mescolamento,/images/imer_products/MIX_360_R_PLUS.webp
MIX 750,IMER,Mescolatrice planetaria ad azione forzata. Capacità vasca 750 l.,Mescolamento,/images/imer_products/MIX_750.webp
ES 150 NEO,IMER,Elevatore con telaio fisso. Portata 150 kg.,Elevazione,/images/imer_products/ES_150_NEO.webp
ET 150 NEO,IMER,"Elevatore ad alta velocità, con telaio estensibile. Portata 150 kg.",Elevazione,/images/imer_products/ET_150_NEO.webp
TR VK 200 NEO,IMER,"Elevatore ad alta velocità, con telaio estensibile. Portata 200 kg.",Elevazione,/images/imer_products/TR_VK_200_NEO.webp
ET 200 NEO,IMER,Elevatore con telaio fisso. Portata 200 kg.,Elevazione,/images/imer_products/ET_200_NEO.webp
ETR 200 NEO,IMER,Elevatore con telaio estensibile. Portata 200 kg.,Elevazione,/images/imer_products/ETR_200_NEO.webp
TR 225 NEO,IMER,Elevatore con telaio estensibile. Portata 200 kg.,Elevazione,/images/imer_products/TR_225_NEO.webp
AP 120 SPRING,IMER,Argano per ponteggi. Portata 120 kg.,Elevazione,/images/imer_products/AP_120_SPRING.webp
AP 150,IMER,Argano per ponteggi. Portata 150 kg.,Elevazione,/images/imer_products/AP_150.webp
AIRONE 200 NEO,IMER,Elevatore a braccio telescopico. Portata 200 kg.,Elevazione,/images/imer_products/AIRONE_200_NEO.webp
AIRONE 300 NEW,IMER,Elevatore a braccio telescopico. Portata 300 kg.,Elevazione,/images/imer_products/AIRONE_300_NEW.webp
ET 300 NEO,IMER,Elevatore a cavalletto. Portata 300 kg.,Elevazione,/images/imer_products/ET_300_NEO.webp
G 500,IMER,Elevatore a cavalletto. Portata 500 kg.,Elevazione,/images/imer_products/G_500.webp
ACCESSORI ELEVAZIONE,IMER,,Elevazione,/images/imer_products/ACCESSORI_ELEVAZIONE.webp
COMBI 200 VA,IMER,Segatrice ad acqua con motore scorrevole. Per ceramica. Disco Ø 200 mm.,Segatrici,/images/imer_products/COMBI_200_VA.webp
COMBI 250 VA,IMER,Segatrice ad acqua con motore scorrevole. Per ceramica. Disco Ø 250 mm.,Segatrici,/images/imer_products/COMBI_250_VA.webp
COMBI 250-1000 VA,IMER,Segatrice ad acqua con motore scorrevole. Per ceramica. Disco Ø 250 mm.,Segatrici,/images/imer_products/COMBI_250-1000_VA.webp
COMBI 250-1500 VA,IMER,Segatrice ad acqua con motore scorrevole. Per ceramica. Disco Ø 250 mm.,Segatrici,/images/imer_products/COMBI_250-1500_VA.webp
C350 IPOWER,IMER,"Segatrice ad acqua con motore scorrevole. Per materiali lapidei, laterizi e pietra. Disco Ø 350 mm.",Segatrici,/images/imer_products/C350_IPOWER.webp
M400 SMART,IMER,Segatrice ad acqua con carrello scorrevole. Per blocchi. Disco Ø 350/400 mm.,Segatrici,/images/imer_products/M400_SMART.webp
MASONRY 600,IMER,Segatrice ad acqua con carrello scorrevole. Per blocchi. Disco Ø 600 mm.,Segatrici,/images/imer_products/MASONRY_600.webp
MASONRY 750 PLUS,IMER,Segatrice ad acqua con carrello scorrevole. Per blocchi di grandi dimensioni. Disco Ø 750 mm.,Segatrici,/images/imer_products/MASONRY_750_PLUS.webp
H 110 PLUS,IMER,Segatrice per legno con altezza di taglio fissa o regolabile. Disco Ø 350 mm.,Segatrici,/images/imer_products/H_110_PLUS.webp
DISCHI DIAMANTATI SERIE 3000,IMER,,Segatrici,/images/imer_products/DISCHI_DIAMANTATI_SERIE_3000.webp
TERRA 450,IMER,Tagliasfalti con motore benzina/diesel. Disco Ø 450 mm.,Tagliasfalti,/images/imer_products/TERRA_450.webp
TERRA 500,IMER,Tagliasfalti con motore benzina/diesel. Disco Ø 500 mm.,Tagliasfalti,/images/imer_products/TERRA_500.webp
VIBROCOSTIPATORI,IMER,"Vibrocostipatori con motore benzina. Potenza motore 2,1 kW.",Compattazione,/images/imer_products/VIBROCOSTIPATORI.webp
PIASTRE VIBRANTI,IMER,"Piastre vibranti marcia avanti con motore benzina/diesel. Potenza motore da 2,6 a 3,6 kW.",Compattazione,/images/imer_products/PIASTRE_VIBRANTI.webp
PIASTRE VIBRANTI REVERSIBILI,IMER,"Piastre vibranti reversibili con motore benzina/diesel. Potenza motore da 2,6 a 8,9 kW.",Compattazione,/images/imer_products/PIASTRE_VIBRANTI_REVERSIBILI.webp
RULLO VIBRANTE,IMER,"Rullo vibrante reversibile con motore diesel. Potenza motore 4,6 kW.",Compattazione,/images/imer_products/RULLO_VIBRANTE.webp
MOTOPOMPA SOMMERGIBILE,IMER,"Motopompa con girante sommergibile. Motore benzina 3,6 kW.",Compattazione,/images/imer_products/MOTOPOMPA_SOMMERGIBILE.webp
TAURUS 500,IMER,"Minidumper con carico operativo 500 kg. Motore benzina 4,7 kW. Avviamento a strappo.",Minidumper,/images/imer_products/TAURUS_500.webp
TAURUS 700,IMER,"Minidumper con carico operativo 700 kg. Motore benzina 6,0/8,2 kW o diesel 7,4 kW. Avviamento a strappo o elettrico.",Minidumper,/images/imer_products/TAURUS_700.webp
TAURUS 1000,IMER,"Minidumper con carico operativo 1.000 kg. Motore diesel 13,8 kW. Avviamento elettrico.",Minidumper,/images/imer_products/TAURUS_1000.webp
TAURUS 500 ELECTRIC,IMER,Minidumper elettrico con carico operativo 500 kg. Batterie Litio 4kWh 80Ah (2 pacchi batteria). Caricabatterie portatile esterno alla macchina.,Minidumper,/images/imer_products/TAURUS_500_ELECTRIC.webp
TAURUS 700 ELECTRIC,IMER,Minidumper elettrico con carico operativo 700 kg. Batterie Litio 6kWh 120Ah (3 pacchi batteria). Caricabatterie portatile a bordo macchina.,Minidumper,/images/imer_products/TAURUS_700_ELECTRIC.webp
EXPERT,IMER,"Monofase, benzina. Potenza massima da 3,25 kVA a 8,75 kVA.",Gruppi Elettrogeni,/images/imer_products/EXPERT.webp
ACCESS,IMER,"Monofase, benzina. Potenza massima da 2,50 kVA a 8,75 kVA.",Gruppi Elettrogeni,/images/imer_products/ACCESS.webp
EXPLORER,IMER,"Monofase, benzina. Potenza massima da 4,10 kVA a 8,75 kVA.",Gruppi Elettrogeni,/images/imer_products/EXPLORER.webp
LEADER,IMER,"Monofase, benzina. Potenza massima da 11,5 kVA a 13,3 kVA.",Gruppi Elettrogeni,/images/imer_products/LEADER.webp
MASTER,IMER,"Monofase, diesel. Potenza massima 6,50 kVA.",Gruppi Elettrogeni,/images/imer_products/MASTER.webp
TRISTAR,IMER,"Trifase, benzina o diesel. Potenza massima da 6,50 a 15 kVA.",Gruppi Elettrogeni,/images/imer_products/TRISTAR.webp
SILENTSTAR,IMER,"Monofase o trifase, diesel. Potenza massima da 6 a 14,3 kVA.",Gruppi Elettrogeni,/images/imer_products/SILENTSTAR.webp
MOTOSALDATRICI,IMER,"Motosaldatrici a corrente continua, benzina e diesel. Potenza massima da 4,5 a 7,20 kW.",Gruppi Elettrogeni,/images/imer_products/MOTOSALDATRICI.webp
KOINE DUAL,IMER,Pompa spruzzatrice e miscelatrice monofase/trifase a ciclo continuo. Capacità tramoggia: 140 l.,Intonacatrici Pompe a Vite Eccentrica,/images/imer_products/KOINE_DUAL.webp
KOINE 4 EVO,IMER,Pompa spruzzatrice e miscelatrice trifase a ciclo continuo. Capacità tramoggia: 140 l.,Intonacatrici Pompe a Vite Eccentrica,/images/imer_products/KOINE_4_EVO.webp
KOINE 4 EVO HI-FLOW,IMER,Pompa miscelatrice trifase a ciclo continuo ad alta portata. Capacità tramoggia: 140 l.,Intonacatrici Pompe a Vite Eccentrica,/images/imer_products/KOINE_4_EVO_HI-FLOW.webp
KOINE 35 EVO,IMER,Pompa spruzzatrice e miscelatrice monofase a ciclo continuo. Capacità tramoggia: 140 l.,Intonacatrici Pompe a Vite Eccentrica,/images/imer_products/KOINE_35_EVO.webp
KOINE 3.1,IMER,Pompa miscelatrice monofase a ciclo continuo. Capacità tramoggia: 75 l.,Intonacatrici Pompe a Vite Eccentrica,/images/imer_products/KOINE_3.1.webp
STORM PLUS,IMER,Sistema di trasporto pneumatico per malte premiscelate secche.,Intonacatrici Pompe a Vite Eccentrica,/images/imer_products/STORM_PLUS.webp
SPEEDY,IMER,Frattazzatrice elettrica per intonaci di granulometria fine/media e per grezzo.,Intonacatrici Pompe a Vite Eccentrica,/images/imer_products/SPEEDY.webp
SMALL 50 EVO,IMER,"Pompa a vite eccentrica polivalente, intonacatrice, stuccatrice/finitrice. Capacità tramoggia: 50 l.",Intonacatrici Pompe a Vite Eccentrica,/images/imer_products/SMALL_50_EVO.webp
MIGHTY SMALL 50 PLUS,IMER,"Pompa a vite eccentrica polivalente, intonacatrice, stuccatrice/finitrice/pompa airless. Capacità tramoggia: 50 l.",Intonacatrici Pompe a Vite Eccentrica,/images/imer_products/MIGHTY_SMALL_50_PLUS.webp
S 50 AIRLESS,IMER,Sistema di spruzzatura a vite eccentrica ad alta pressione. Capacità tramoggia: 50 l.,Intonacatrici Pompe a Vite Eccentrica,/images/imer_products/S_50_AIRLESS.webp
STEP 120 MONOFASE,IMER,Pompa intonacatrice a vite eccentrica. Monofase. Capacità tramoggia: 120 l.,Intonacatrici Pompe a Vite Eccentrica,/images/imer_products/STEP_120_MONOFASE.webp
STEP 120 TRIFASE,IMER,Pompa intonacatrice a vite eccentrica. Trifase. Capacità tramoggia: 120 l.,Intonacatrici Pompe a Vite Eccentrica,/images/imer_products/STEP_120_TRIFASE.webp
PRESTIGE,IMER,Pompa intonacatrice a vite eccentrica. Motore diesel. Capacità tramoggia: 200 l.,Intonacatrici Pompe a Vite Eccentrica,/images/imer_products/PRESTIGE.webp
STEP 120 A TRIFASE,IMER,Pompa a vite eccentrica. Trifase. Capacità tramoggia: 120 l.,Trasportatori per Sottofondi,/images/imer_products/STEP_120_A_TRIFASE.webp
MOVER 270D EVO,IMER,Trasportatore pneumatico per sottofondi tradizionali e premiscelati. Capacità serbatoio 270 l. Motore diesel Stage 5.,Trasportatori per Sottofondi,/images/imer_products/MOVER_270D_EVO.webp
MOVER 190E EVO – 270E,IMER,Trasportatori pneumatici per massetti. Capacità serbatoio 270 l. Versioni monofase e trifase.,Trasportatori per Sottofondi,/images/imer_products/MOVER_190E_EVO_–_270E.webp
BOOSTER 15,IMER,Pompa bicilindrica a pistoni. Motore diesel. Capacità tramoggia: 240 l.,Pompe per Calcestruzzo e Sistemi di Distribuzione,/images/imer_products/BOOSTER_15.webp
BOOSTER 50,IMER,Pompa bicilindrica a pistoni. Motore diesel. Capacità tramoggia: 350 l.,Pompe per Calcestruzzo e Sistemi di Distribuzione,/images/imer_products/BOOSTER_50.webp
GERRIS 800,IMER,Braccio di distribuzione calcestruzzo cingolato. Versione a benzina con motorizzazione elettrica ausiliaria e versione a batterie litio.,Pompe per Calcestruzzo e Sistemi di Distribuzione,/images/imer_products/GERRIS_800.webp
"Attacco a ponteggio per elevatore
",imer,"Attacco a ponteggio per elevatore
",Accessori Intonacatrici Pompe Pro Tek Line,/images/imer_products/Attacco_a_ponteggio_per_elevatore.webp
Attacco a ponteggio per argani serie AP,imer,Attacco a ponteggio per argani serie AP,Accessori Intonacatrici Pompe Pro Tek Line,/images/imer_products/Attacco_a_ponteggio_per_argani_serie_AP.webp
"Puntello regolabile per interni
",imer,"Puntello regolabile per interni
",Accessori Intonacatrici Pompe Pro Tek Line,/images/imer_products/Puntello_regolabile_per_interni.webp
"Kit trasformazione puntello interno-esterno con zavorra
",imer,"Kit trasformazione puntello interno-esterno con zavorra
",Accessori Intonacatrici Pompe Pro Tek Line,/images/imer_products/Kit_trasformazione_puntello_interno-esterno_con_zavorra.webp
"Puntello per finestra
",imer,"Puntello per finestra
",Accessori Intonacatrici Pompe Pro Tek Line,/images/imer_products/Puntello_per_finestra.webp
Maniglia per elevatori serie TR-ET-ETR,imer,Maniglia per elevatori serie TR-ET-ETR,Accessori Intonacatrici Pompe Pro Tek Line,/images/imer_products/Maniglia_per_elevatori_serie_TR-ET-ETR.webp
Kit staffe fissaggio cavalletti 300-500 kg,imer,Kit staffe fissaggio cavalletti 300-500 kg,Accessori Intonacatrici Pompe Pro Tek Line,/images/imer_products/Kit_staffe_fissaggio_cavalletti_300-500_kg.webp
Puntello AIRONE 300 New senza contenitore zavorra,imer,Puntello AIRONE 300 New senza contenitore zavorra,Accessori Intonacatrici Pompe Pro Tek Line,/images/imer_products/Puntello_AIRONE_300_New_senza_contenitore_zavorra.webp
Contenitore zavorra AIRONE 300 New,imer,Contenitore zavorra AIRONE 300 New,Accessori Intonacatrici Pompe Pro Tek Line,/images/imer_products/Contenitore_zavorra_AIRONE_300_New.webp
"Bandiera per puntello da interni
",imer,"Bandiera per puntello da interni
",Accessori Intonacatrici Pompe Pro Tek Line,/images/imer_products/Bandiera_per_puntello_da_interni.webp
"Bandiera per attacco morsetti
",imer,"Bandiera per attacco morsetti
",Accessori Intonacatrici Pompe Pro Tek Line,/images/imer_products/Bandiera_per_attacco_morsetti.webp
"Cavalletto 300 kg
",imer,"Cavalletto 300 kg
",,/images/imer_products/Cavalletto_300_kg.webp
Cavalletto 500 kg,imer,Cavalletto 500 kg,,/images/imer_products/Cavalletto_500_kg.webp
"Carrello con freno per elevatori serie ES-ET-ETR-TR
",imer,"Carrello con freno per elevatori serie ES-ET-ETR-TR
",,/images/imer_products/Carrello_con_freno_per_elevatori_serie_ES-ET-ETR-TR.webp
Carrello con freno TR 225 Beta,imer,Carrello con freno TR 225 Beta,,/images/imer_products/Carrello_con_freno_TR_225_Beta.webp
Carrello con freno TR 225 Europea,imer,Carrello con freno TR 225 Europea,,/images/imer_products/Carrello_con_freno_TR_225_Europea.webp
"Gancio a 3 attacchi portatelai
",imer,"Gancio a 3 attacchi portatelai
",,/images/imer_products/Gancio_a_3_attacchi_portatelai.webp
"Portasecchi 2 posti
",imer,"Portasecchi 2 posti
",,/images/imer_products/Portasecchi_2_posti.webp
"Portasecchi 4 posti
",imer,"Portasecchi 4 posti
",,/images/imer_products/Portasecchi_4_posti.webp
"Benna trapezoidale L 45
",imer,"Benna trapezoidale L 45
",,/images/imer_products/Benna_trapezoidale_L_45.webp
"Benna trapezoidale L 90
",imer,"Benna trapezoidale L 90
",,/images/imer_products/Benna_trapezoidale_L_90.webp
"Benna trapezoidale L 120
",imer,"Benna trapezoidale L 120
",,/images/imer_products/Benna_trapezoidale_L_120.webp
"Morsetti per attacco a palo portata 200 kg
",imer,"Morsetti per attacco a palo portata 200 kg
",,/images/imer_products/Morsetti_per_attacco_a_palo_portata_200_kg.webp
Disco Ø 200 mm PREMIUM per gres porcellanato - corona continua,imer,Disco Ø 200 mm PREMIUM per gres porcellanato - corona continua,,/images/imer_products/Disco_Ø_200_mm_PREMIUM_per_gres_porcellanato_-_corona_continua.webp
Disco Ø 250 mm PREMIUM per gres porcellanato - corona continua,imer,Disco Ø 250 mm PREMIUM per gres porcellanato - corona continua,,/images/imer_products/Disco_Ø_250_mm_PREMIUM_per_gres_porcellanato_-_corona_continua.webp
Disco Ø 350 mm PREMIUM per gres porcellanato - corona continua,imer,Disco Ø 350 mm PREMIUM per gres porcellanato - corona continua,,/images/imer_products/Disco_Ø_350_mm_PREMIUM_per_gres_porcellanato_-_corona_continua.webp
Disco Ø 250 mm FLEX per mattoni / laterizi / cemento - settori - s. laser,imer,Disco Ø 250 mm FLEX per mattoni / laterizi / cemento - settori - s. laser,,/images/imer_products/Disco_Ø_250_mm_FLEX_per_mattoni___laterizi___cemento_-_settori_-_s._laser.webp
Disco Ø 250 mm PREMIUM per granito / pietra - settori - s. laser,imer,Disco Ø 250 mm PREMIUM per granito / pietra - settori - s. laser,,/images/imer_products/Disco_Ø_250_mm_PREMIUM_per_granito___pietra_-_settori_-_s._laser.webp
Disco Ø 350 mm PREMIUM per granito /pietra - a settori - s. laser,imer,Disco Ø 350 mm PREMIUM per granito /pietra - a settori - s. laser,,/images/imer_products/Disco_Ø_350_mm_PREMIUM_per_granito__pietra_-_a_settori_-_s._laser.webp
Disco Ø 500 mm PREMIUM per granito/pietra/cemento - a settori,imer,Disco Ø 500 mm PREMIUM per granito/pietra/cemento - a settori,,/images/imer_products/Disco_Ø_500_mm_PREMIUM_per_granito_pietra_cemento_-_a_settori.webp
Disco Ø 200 mm FLEX per ceramica - corona continua,imer,Disco Ø 200 mm FLEX per ceramica - corona continua,,/images/imer_products/Disco_Ø_200_mm_FLEX_per_ceramica_-_corona_continua.webp
Disco Ø 250 mm FLEX per ceramica - corona continua,imer,Disco Ø 250 mm FLEX per ceramica - corona continua,,/images/imer_products/Disco_Ø_250_mm_FLEX_per_ceramica_-_corona_continua.webp
Disco Ø 350 mm FLEX per ceramica - corona continua,imer,Disco Ø 350 mm FLEX per ceramica - corona continua,,/images/imer_products/Disco_Ø_350_mm_FLEX_per_ceramica_-_corona_continua.webp
Disco Ø 350 mm FLEX per mattoni / laterizi / cemento - settori,imer,Disco Ø 350 mm FLEX per mattoni / laterizi / cemento - settori,,/images/imer_products/Disco_Ø_350_mm_FLEX_per_mattoni___laterizi___cemento_-_settori.webp
Disco Ø 400 mm PREMIUM per granito/pietra - settori,imer,Disco Ø 400 mm PREMIUM per granito/pietra - settori,,/images/imer_products/Disco_Ø_400_mm_PREMIUM_per_granito_pietra_-_settori.webp
Disco Ø 750 mm PREMIUM per laterizi / cemento - a settori,imer,Disco Ø 750 mm PREMIUM per laterizi / cemento - a settori,,/images/imer_products/Disco_Ø_750_mm_PREMIUM_per_laterizi___cemento_-_a_settori.webp
Disco Ø 600 mm PREMIUM per laterizi / cemento - a settori,imer,Disco Ø 600 mm PREMIUM per laterizi / cemento - a settori,,/images/imer_products/Disco_Ø_600_mm_PREMIUM_per_laterizi___cemento_-_a_settori.webp
Disco Ø 700 mm PREMIUM per laterizi / cemento - a settori,imer,Disco Ø 700 mm PREMIUM per laterizi / cemento - a settori,,/images/imer_products/Disco_Ø_700_mm_PREMIUM_per_laterizi___cemento_-_a_settori.webp
Disco Ø 750 mm PREMIUM per Poroton / pietra - a settori,imer,Disco Ø 750 mm PREMIUM per Poroton / pietra - a settori,,/images/imer_products/Disco_Ø_750_mm_PREMIUM_per_Poroton___pietra_-_a_settori.webp
Statore D 6-3,imer,Statore D 6-3,,/images/imer_products/Statore_D_6-3.webp
Rotore D 6-3,imer,Rotore D 6-3,,/images/imer_products/Rotore_D_6-3.webp
Rotore D 6-3 FLEX,imer,Rotore D 6-3 FLEX,,/images/imer_products/Rotore_D_6-3_FLEX.webp
Statore D 6-3 NO SPIN con antirotazione,imer,Statore D 6-3 NO SPIN con antirotazione,,/images/imer_products/Statore_D_6-3_NO_SPIN_con_antirotazione.webp
Rotore D 6-3 con perno,imer,Rotore D 6-3 con perno,,/images/imer_products/Rotore_D_6-3_con_perno.webp
Statore D 5-2.5 NO SPIN con antirotazione,imer,Statore D 5-2.5 NO SPIN con antirotazione,,/images/imer_products/Statore_D_5-2.5_NO_SPIN_con_antirotazione.webp
Rotore D 5-2.5 GRIGIO,imer,Rotore D 5-2.5 GRIGIO,,/images/imer_products/Rotore_D_5-2.5_GRIGIO.webp
Rotore D 5-2.5 FLEX,imer,Rotore D 5-2.5 FLEX,,/images/imer_products/Rotore_D_5-2.5_FLEX.webp
Statore D 7-2.5 NO SPIN con antirotazione,imer,Statore D 7-2.5 NO SPIN con antirotazione,,/images/imer_products/Statore_D_7-2.5_NO_SPIN_con_antirotazione.webp
Rotore D 7-2.5,imer,Rotore D 7-2.5,,/images/imer_products/Rotore_D_7-2.5.webp
Statore D 8-2 NO SPIN con antirotazione,imer,Statore D 8-2 NO SPIN con antirotazione,,/images/imer_products/Statore_D_8-2_NO_SPIN_con_antirotazione.webp
Rotore D8 - 2,imer,Rotore D8 - 2,,/images/imer_products/Rotore_D8_-_2.webp
Rotore D8-2 Flex,imer,Rotore D8-2 Flex,,/images/imer_products/Rotore_D8-2_Flex.webp
Statore D 8-1.5 CLAMP,imer,Statore D 8-1.5 CLAMP,,/images/imer_products/Statore_D_8-1.5_CLAMP.webp
Rotore D 8-1.5 MONO,imer,Rotore D 8-1.5 MONO,,/images/imer_products/Rotore_D_8-1.5_MONO_139.webp
Rotore D 8-1.5 con perno,imer,Rotore D 8-1.5 con perno,,/images/imer_products/Rotore_D_8-1.5_con_perno.webp
Statore D 4-1/2 CLAMP,imer,Statore D 4-1/2 CLAMP,,/images/imer_products/Statore_D_4-1_2_CLAMP.webp
Rotore per fughe D 4-1/2 GIALLO LIMONE,imer,Rotore per fughe D 4-1/2 GIALLO LIMONE,,/images/imer_products/Rotore_per_fughe_D_4-1_2_GIALLO_LIMONE.webp
Statore D 5-2.5 MONO CLAMP,imer,Statore D 5-2.5 MONO CLAMP,,/images/imer_products/Statore_D_5-2.5_MONO_CLAMP.webp
Rotore D 5-2.5 MONOFLEX,imer,Rotore D 5-2.5 MONOFLEX,,/images/imer_products/Rotore_D_5-2.5_MONOFLEX.webp
Statore D 5-2.5 MONO CLAMP,imer,Statore D 5-2.5 MONO CLAMP,,/images/imer_products/Statore_D_5-2.5_MONO_CLAMP.webp
Rotore D 5-2.5 MONO,imer,Rotore D 5-2.5 MONO,,/images/imer_products/Rotore_D_5-2.5_MONO.webp
Rotore MONO con perno,imer,Rotore MONO con perno,,/images/imer_products/Rotore_MONO_con_perno.webp
Statore D 8-1.5 MONO CLAMP,imer,Statore D 8-1.5 MONO CLAMP,,/images/imer_products/Statore_D_8-1.5_MONO_CLAMP.webp
Rotore D 8-1.5 MONO,imer,Rotore D 8-1.5 MONO,,/images/imer_products/Rotore_D_8-1.5_MONO_139.webp
Rotore D 8-1.5 con perno GIALLO,imer,Rotore D 8-1.5 con perno GIALLO,,/images/imer_products/Rotore_D_8-1.5_con_perno_GIALLO.webp
Statore per fughe D 4-1/2 CLAMP,imer,Statore per fughe D 4-1/2 CLAMP,,/images/imer_products/Statore_per_fughe_D_4-1_2_CLAMP.webp
Rotore D 4-1/2,imer,Rotore D 4-1/2,,/images/imer_products/Rotore_D_4-1_2.webp
Statore R8 - 1.5,imer,Statore R8 - 1.5,,/images/imer_products/Statore_R8_-_1.5.webp
"Rotore R8-1,5 con perno",imer,"Rotore R8-1,5 con perno",,"/images/imer_products/Rotore_R8-1,5_con_perno.webp"
Statore R7 - 1.5,imer,Statore R7 - 1.5,,/images/imer_products/Statore_R7_-_1.5.webp
"Rotore R7-1,5 con perno",imer,"Rotore R7-1,5 con perno",,"/images/imer_products/Rotore_R7-1,5_con_perno.webp"
Statore R7 - 2.5,imer,Statore R7 - 2.5,,/images/imer_products/Statore_R7_-_2.5.webp
Rotore R7-2.5 con perno,imer,Rotore R7-2.5 con perno,,/images/imer_products/Rotore_R7-2.5_con_perno.webp
Statore 2L-6. Montaggio abbinato a 3224334 strettore per Statore 2l6,imer,Statore 2L-6. Montaggio abbinato a 3224334 strettore per Statore 2l6,,/images/imer_products/Statore_2L-6._Montaggio_abbinato_a_3224334_strettore_per_Statore_2l6.webp
Rotore 2L-6,imer,Rotore 2L-6,,/images/imer_products/Rotore_2L-6.webp
Statore 60.12/2L74 CLAMP,imer,Statore 60.12/2L74 CLAMP,,/images/imer_products/Statore_60.12_2L74_CLAMP.webp
Rotore 60.12/2L74,imer,Rotore 60.12/2L74,,/images/imer_products/Rotore_60.12_2L74.webp
Statore IM 25L CLAMP,imer,Statore IM 25L CLAMP,,/images/imer_products/Statore_IM_25L_CLAMP.webp
Rotore IM 25L,imer,Rotore IM 25L,,/images/imer_products/Rotore_IM_25L.webp
Statore 1.5 L7 CLAMP,imer,Statore 1.5 L7 CLAMP,,/images/imer_products/Statore_1.5_L7_CLAMP.webp
Rotore 1.5 L7,imer,Rotore 1.5 L7,,/images/imer_products/Rotore_1.5_L7.webp
Miscelatore standard,imer,Miscelatore standard,,/images/imer_products/Miscelatore_standard.webp
Miscelatore per materiali alleggeriti,imer,Miscelatore per materiali alleggeriti,,/images/imer_products/Miscelatore_per_materiali_alleggeriti.webp
Miscelatore per materiali autolivellanti,imer,Miscelatore per materiali autolivellanti,,/images/imer_products/Miscelatore_per_materiali_autolivellanti.webp
Turbomiscelatore per statori serie “D”. Uscita collettore Ø25M e Ø35M,imer,Turbomiscelatore per statori serie “D”. Uscita collettore Ø25M e Ø35M,,/images/imer_products/Turbomiscelatore_per_statori_serie_“D”._Uscita_collettore_Ø25M_e_Ø35M.webp
Turbomiscelatore per statori serie “R” con misuratore di pressione incluso. Uscita collettore Ø25M e Ø35M,imer,Turbomiscelatore per statori serie “R” con misuratore di pressione incluso. Uscita collettore Ø25M e Ø35M,,/images/imer_products/Turbomiscelatore_per_statori_serie_“R”_con_misuratore_di_pressione_incluso._Uscita_collettore_Ø25M_e_Ø35M.webp
Lancia per premiscelati / tradizionali con deflettore Ø 14,imer,Lancia per premiscelati / tradizionali con deflettore Ø 14,,/images/imer_products/Lancia_per_premiscelati___tradizionali_con_deflettore_Ø_14.webp
"Lancia allungata DN25 1,43 m 1107577 Lancia per intonaci tradizionali/premiscelati Ø 35M",imer,"Lancia allungata DN25 1,43 m 1107577 Lancia per intonaci tradizionali/premiscelati Ø 35M",,"/images/imer_products/Lancia_allungata_DN25_1,43_m_1107577_Lancia_per_intonaci_tradizionali_premiscelati_Ø_35M.webp"
Lancia spruzzatrice Ø 25F con valvola antispandimento e regolatore flusso aria,imer,Lancia spruzzatrice Ø 25F con valvola antispandimento e regolatore flusso aria,,/images/imer_products/Lancia_spruzzatrice_Ø_25F_con_valvola_antispandimento_e_regolatore_flusso_aria.webp
Lancia per intonaci tradizionali/premiscelati Ø 35M,imer,Lancia per intonaci tradizionali/premiscelati Ø 35M,,/images/imer_products/Lancia_per_intonaci_tradizionali_premiscelati_Ø_35M.webp
Pistola DN 35 F,imer,Pistola DN 35 F,,/images/imer_products/Pistola_DN_35_F.webp
"Lancia per rasanti / fughe / iniezioni senza deflettori, con regolatore di flusso aria e valvola a sfera antispandimento",imer,"Lancia per rasanti / fughe / iniezioni senza deflettori, con regolatore di flusso aria e valvola a sfera antispandimento",,"/images/imer_products/Lancia_per_rasanti___fughe___iniezioni_senza_deflettori,_con_regolatore_di_flusso_aria_e_valvola_a_sfera_antispandimento.webp"
Kit deflettori 5-6-8-12-16 acciaio inox temprato,imer,Kit deflettori 5-6-8-12-16 acciaio inox temprato,,/images/imer_products/Kit_deflettori_5-6-8-12-16_acciaio_inox_temprato.webp
"Kit 3 deflettori Ø 5 acciaio temprato per pittura, rasanti, fughe",imer,"Kit 3 deflettori Ø 5 acciaio temprato per pittura, rasanti, fughe",,"/images/imer_products/Kit_3_deflettori_Ø_5_acciaio_temprato_per_pittura,_rasanti,_fughe.webp"
"Kit 3 deflettori Ø 6 acciaio temprato per pittura, rasanti, fughe",imer,"Kit 3 deflettori Ø 6 acciaio temprato per pittura, rasanti, fughe",,"/images/imer_products/Kit_3_deflettori_Ø_6_acciaio_temprato_per_pittura,_rasanti,_fughe.webp"
Kit 3 deflettori Ø 8 acciaio temprato per rasanti,imer,Kit 3 deflettori Ø 8 acciaio temprato per rasanti,,/images/imer_products/Kit_3_deflettori_Ø_8_acciaio_temprato_per_rasanti.webp
Kit 3 deflettori Ø 12 acciaio temprato per fughe con ausilio compressore,imer,Kit 3 deflettori Ø 12 acciaio temprato per fughe con ausilio compressore,,/images/imer_products/Kit_3_deflettori_Ø_12_acciaio_temprato_per_fughe_con_ausilio_compressore.webp
Deflettore con portagomma 13-16 mm,imer,Deflettore con portagomma 13-16 mm,,/images/imer_products/Deflettore_con_portagomma_13-16_mm.webp
Pistola per fughe. Con sensore di comando: On – Aperto / Off – Chiuso. Presa 24 Volt,imer,Pistola per fughe. Con sensore di comando: On – Aperto / Off – Chiuso. Presa 24 Volt,,/images/imer_products/Pistola_per_fughe._Con_sensore_di_comando__On_–_Aperto___Off_–_Chiuso._Presa_24_Volt.webp
Lancia per fughe conica. Tubo in acciaio sezionabile per ottenere il diametro d’uscita desiderato. Valvola antispandimento,imer,Lancia per fughe conica. Tubo in acciaio sezionabile per ottenere il diametro d’uscita desiderato. Valvola antispandimento,,/images/imer_products/Lancia_per_fughe_conica._Tubo_in_acciaio_sezionabile_per_ottenere_il_diametro_d’uscita_desiderato._Valvola_antispandimento.webp
Boccaglio ricurvo Ø 25,imer,Boccaglio ricurvo Ø 25,,/images/imer_products/Boccaglio_ricurvo_Ø_25.webp
"Lancia Spritz Beton per additivo - camme DN 50 completa di attacchi rapidi Geka 3/4"" con attacco per silicato",imer,"Lancia Spritz Beton per additivo - camme DN 50 completa di attacchi rapidi Geka 3/4"" con attacco per silicato",,/images/imer_products/Lancia_Spritz_Beton_per_additivo_-_camme_DN_50_completa_di_attacchi_rapidi_Geka_3_4__con_attacco_per_silicato.webp
Lancia Spritz Beton senza additivo - DN 50-2 vie,imer,Lancia Spritz Beton senza additivo - DN 50-2 vie,,/images/imer_products/Lancia_Spritz_Beton_senza_additivo_-_DN_50-2_vie.webp
Kit duse e fascetta per lancia Spritz Beton 2 vie,imer,Kit duse e fascetta per lancia Spritz Beton 2 vie,,/images/imer_products/Kit_duse_e_fascetta_per_lancia_Spritz_Beton_2_vie.webp
Kit 10 pz Deflettori Ø 10 (Duse)in poliuretano per intonaco premiscelato,imer,Kit 10 pz Deflettori Ø 10 (Duse)in poliuretano per intonaco premiscelato,,/images/imer_products/Kit_10_pz_Deflettori_Ø_10_(Duse)in_poliuretano_per_intonaco_premiscelato.webp
Kit 10 pz Deflettori Ø 12 (Duse) in poliuretano per intonaco premiscelato,imer,Kit 10 pz Deflettori Ø 12 (Duse) in poliuretano per intonaco premiscelato,,/images/imer_products/Kit_10_pz_Deflettori_Ø_12_(Duse)_in_poliuretano_per_intonaco_premiscelato.webp
Kit 10 pz Deflettori Ø 14 (Duse) in poliuretano per intonaco premiscelato,imer,Kit 10 pz Deflettori Ø 14 (Duse) in poliuretano per intonaco premiscelato,,/images/imer_products/Kit_10_pz_Deflettori_Ø_14_(Duse)_in_poliuretano_per_intonaco_premiscelato.webp
Kit 10 pz Deflettori Ø 16 (Duse) in poliuretano per intonaco premiscelato,imer,Kit 10 pz Deflettori Ø 16 (Duse) in poliuretano per intonaco premiscelato,,/images/imer_products/Kit_10_pz_Deflettori_Ø_16_(Duse)_in_poliuretano_per_intonaco_premiscelato.webp
Kit 5 Deflettori Ø 10 in poliuretano per intonaco tradizionale,imer,Kit 5 Deflettori Ø 10 in poliuretano per intonaco tradizionale,,/images/imer_products/Kit_5_Deflettori_Ø_10_in_poliuretano_per_intonaco_tradizionale.webp
Kit 5 Deflettori Ø 12 in poliuretano per intonaco tradizionale,imer,Kit 5 Deflettori Ø 12 in poliuretano per intonaco tradizionale,,/images/imer_products/Kit_5_Deflettori_Ø_12_in_poliuretano_per_intonaco_tradizionale.webp
Kit 5 Deflettori Ø 14 in poliuretano per intonaco tradizionale,imer,Kit 5 Deflettori Ø 14 in poliuretano per intonaco tradizionale,,/images/imer_products/Kit_5_Deflettori_Ø_14_in_poliuretano_per_intonaco_tradizionale.webp
Kit 5 Deflettori Ø 16 in poliuretano per intonaco tradizionale,imer,Kit 5 Deflettori Ø 16 in poliuretano per intonaco tradizionale,,/images/imer_products/Kit_5_Deflettori_Ø_16_in_poliuretano_per_intonaco_tradizionale.webp
Kit 10 pezzi spugna per pulizia tubo Ø 25,imer,Kit 10 pezzi spugna per pulizia tubo Ø 25,,/images/imer_products/Kit_10_pezzi_spugna_per_pulizia_tubo_Ø_25.webp
Kit 10 pezzi spugna per pulizia tubo Ø 35,imer,Kit 10 pezzi spugna per pulizia tubo Ø 35,,/images/imer_products/Kit_10_pezzi_spugna_per_pulizia_tubo_Ø_35.webp
Kit 10 pezzi spugna per pulizia tubo Ø 50,imer,Kit 10 pezzi spugna per pulizia tubo Ø 50,,/images/imer_products/Kit_10_pezzi_spugna_per_pulizia_tubo_Ø_50.webp
Kit 10 pezzi spugna per pulizia tubo Ø 60,imer,Kit 10 pezzi spugna per pulizia tubo Ø 60,,/images/imer_products/Kit_10_pezzi_spugna_per_pulizia_tubo_Ø_60.webp
Kit lavaggio tubi Ø 35 accessorio per Lavaggio tubi DN 35 (con aria / acqua),imer,Kit lavaggio tubi Ø 35 accessorio per Lavaggio tubi DN 35 (con aria / acqua),,/images/imer_products/Kit_lavaggio_tubi_Ø_35_accessorio_per_Lavaggio_tubi_DN_35_(con_aria___acqua).webp
Kit lavaggio tubi Ø 25 accessorio per Lavaggio tubo DN 25 (con aria / acqua),imer,Kit lavaggio tubi Ø 25 accessorio per Lavaggio tubo DN 25 (con aria / acqua),,/images/imer_products/Kit_lavaggio_tubi_Ø_25_accessorio_per_Lavaggio_tubo_DN_25_(con_aria___acqua).webp
Kit lavaggio tubi Ø 50 accessorio per lavaggio tubi DN 50 (con aria / acqua),imer,Kit lavaggio tubi Ø 50 accessorio per lavaggio tubi DN 50 (con aria / acqua),,/images/imer_products/Kit_lavaggio_tubi_Ø_50_accessorio_per_lavaggio_tubi_DN_50_(con_aria___acqua).webp
Tubo portamateriale Ø 19 - 10 m con attacchi a camme,imer,Tubo portamateriale Ø 19 - 10 m con attacchi a camme,,/images/imer_products/Tubo_portamateriale_Ø_19_-_10_m_con_attacchi_a_camme.webp
Tubo portamateriale Ø 25 - 15 m con attacchi a camme,imer,Tubo portamateriale Ø 25 - 15 m con attacchi a camme,,/images/imer_products/Tubo_portamateriale_Ø_25_-_15_m_con_attacchi_a_camme.webp
Tubo portamateriale Ø 25 - 10 m con attacchi a camme,imer,Tubo portamateriale Ø 25 - 10 m con attacchi a camme,,/images/imer_products/Tubo_portamateriale_Ø_25_-_10_m_con_attacchi_a_camme.webp
Tubo portamateriale Ø 25 - 5 m con attacchi a camme,imer,Tubo portamateriale Ø 25 - 5 m con attacchi a camme,,/images/imer_products/Tubo_portamateriale_Ø_25_-_5_m_con_attacchi_a_camme.webp
Tubo portamateriale Ø 35 - 10 m con attacchi a camme,imer,Tubo portamateriale Ø 35 - 10 m con attacchi a camme,,/images/imer_products/Tubo_portamateriale_Ø_35_-_10_m_con_attacchi_a_camme.webp
Tubo portamateriale 10 m Ø 50 con attacco a camme,imer,Tubo portamateriale 10 m Ø 50 con attacco a camme,,/images/imer_products/Tubo_portamateriale_10_m_Ø_50_con_attacco_a_camme.webp
Tubo portamateriale 20 m Ø 50 con attacco a camme,imer,Tubo portamateriale 20 m Ø 50 con attacco a camme,,/images/imer_products/Tubo_portamateriale_20_m_Ø_50_con_attacco_a_camme.webp
Tubo portamateriale Ø 25 M35/M25 - 5 m con attacchi a camme,imer,Tubo portamateriale Ø 25 M35/M25 - 5 m con attacchi a camme,,/images/imer_products/Tubo_portamateriale_Ø_25_M35_M25_-_5_m_con_attacchi_a_camme.webp
Tubo portamateriale Ø 35 M50/F35 - 20 m con attacchi a camme,imer,Tubo portamateriale Ø 35 M50/F35 - 20 m con attacchi a camme,,/images/imer_products/Tubo_portamateriale_Ø_35_M50_F35_-_20_m_con_attacchi_a_camme.webp
Kit riduzione attacco a camme Ø 35 F - Ø 25 M,imer,Kit riduzione attacco a camme Ø 35 F - Ø 25 M,,/images/imer_products/Kit_riduzione_attacco_a_camme_Ø_35_F_-_Ø_25_M.webp
Kit riduzione attacco a camme Ø 35 F - Ø 50 M,imer,Kit riduzione attacco a camme Ø 35 F - Ø 50 M,,/images/imer_products/Kit_riduzione_attacco_a_camme_Ø_35_F_-_Ø_50_M.webp
Tubo aria Ø 13 - 5 m con attacchi Geka,imer,Tubo aria Ø 13 - 5 m con attacchi Geka,,/images/imer_products/Tubo_aria_Ø_13_-_5_m_con_attacchi_Geka.webp
Tubo aria Ø 13 - 10 m con attacchi Geka,imer,Tubo aria Ø 13 - 10 m con attacchi Geka,,/images/imer_products/Tubo_aria_Ø_13_-_10_m_con_attacchi_Geka.webp
Tubo aria Ø 13 - 16 m con attacchi Geka,imer,Tubo aria Ø 13 - 16 m con attacchi Geka,,/images/imer_products/Tubo_aria_Ø_13_-_16_m_con_attacchi_Geka.webp
Tubo aria Ø 13 - 20 m con attacchi Geka,imer,Tubo aria Ø 13 - 20 m con attacchi Geka,,/images/imer_products/Tubo_aria_Ø_13_-_20_m_con_attacchi_Geka.webp
Gruppo misuratore pressione raccordato DN 25M DN 25F. Manometro 0-100,imer,Gruppo misuratore pressione raccordato DN 25M DN 25F. Manometro 0-100,,/images/imer_products/Gruppo_misuratore_pressione_raccordato_DN_25M_DN_25F._Manometro_0-100.webp
"Cuffia d’insufflamento (Koine 4, Koine 35)",imer,"Cuffia d’insufflamento (Koine 4, Koine 35)",,"/images/imer_products/Cuffia_d’insufflamento_(Koine_4,_Koine_35).webp"
10 m Tubo 65x84 portamateriale 10 bar Ø 65 con attacco perrot,imer,10 m Tubo 65x84 portamateriale 10 bar Ø 65 con attacco perrot,,/images/imer_products/10_m_Tubo_65x84_portamateriale_10_bar_Ø_65_con_attacco_perrot.webp
20 m Tubo 65x84 portamateriale 10 bar Ø 65 con attacco perrot,imer,20 m Tubo 65x84 portamateriale 10 bar Ø 65 con attacco perrot,,/images/imer_products/20_m_Tubo_65x84_portamateriale_10_bar_Ø_65_con_attacco_perrot.webp
"13,30 m Tubo 60x79 portamateriale 10 bar Ø 60 con attacco filettato/flow",imer,"13,30 m Tubo 60x79 portamateriale 10 bar Ø 60 con attacco filettato/flow",,"/images/imer_products/13,30_m_Tubo_60x79_portamateriale_10_bar_Ø_60_con_attacco_filettato_flow.webp"
Tubo portamateriale 10 m Ø 50 con attacco camme,imer,Tubo portamateriale 10 m Ø 50 con attacco camme,,/images/imer_products/Tubo_portamateriale_10_m_Ø_50_con_attacco_camme.webp
Tubo portamateriale 20 m Ø 50 con attacco camme,imer,Tubo portamateriale 20 m Ø 50 con attacco camme,,/images/imer_products/Tubo_portamateriale_20_m_Ø_50_con_attacco_camme.webp
Tubo portamateriale 10 m Ø 60 con attacco camme,imer,Tubo portamateriale 10 m Ø 60 con attacco camme,,/images/imer_products/Tubo_portamateriale_10_m_Ø_60_con_attacco_camme.webp
Tubo portamateriale 20 m Ø 60 con attacco camme,imer,Tubo portamateriale 20 m Ø 60 con attacco camme,,/images/imer_products/Tubo_portamateriale_20_m_Ø_60_con_attacco_camme.webp
"Kit ad. Tubi racc. Perrot DN 65 Rac. Filettato F 2 1/2""",imer,"Kit ad. Tubi racc. Perrot DN 65 Rac. Filettato F 2 1/2""",,/images/imer_products/Kit_ad._Tubi_racc._Perrot_DN_65_Rac._Filettato_F_2_1_2_.webp
Kit ad. Tub. Rac. filettato Trapezoidale,imer,Kit ad. Tub. Rac. filettato Trapezoidale,,/images/imer_products/Kit_ad._Tub._Rac._filettato_Trapezoidale.webp
"Raccordo uscita serbatoio filettato F 2 ½"" Per tubo DN 60 raccordato camlock",imer,"Raccordo uscita serbatoio filettato F 2 ½"" Per tubo DN 60 raccordato camlock",,/images/imer_products/Raccordo_uscita_serbatoio_filettato_F_2_½__Per_tubo_DN_60_raccordato_camlock.webp
